"URL","ASIN","Title","Brand","Fulfillment","Category","BSR","Subcategory","Price","Price Trend (90 days) (%)","Monthly Sales","Sales Trend (90 days) (%)","Monthly Revenue","Review Count","Reviews Rating","Seller","Number of Active Sellers","Last Year Sales","Sales Year Over Year (%)","Size Tier","Width","Height","Length","Weight","Storage Fee (Jan - Sep)","Storage Fee (Oct - Dec)","Best Sales Period","Age (Month)","Number of Images","Variation Count","Sales to Reviews"
"https://amazon.com/dp/B0BYMRMNP3","B0BYMRMNP3","Jonard Tools CST-1140 Round Cable Strip & Ring Tool for Cables 4.5-29 mm in Diameter and Jonard Tools FOD-2000 Fiber Optic Drop Cable Slitter for 0.250"" Flat Cable, Blue","JONARD TOOLS","Amazon","Tools & Home Improvement",14584,"Wire Strippers",154.9,"N/A",894,-15,138480.6,1683,4.4,"Amazon",1,9657,"N/A","N/A","N/A","N/A","N/A","N/A","N/A","N/A","03/01/2023",640,7,17,0.53
"https://amazon.com/dp/B0BYMV7R6N","B0BYMV7R6N","Jonard Tools CST-1140 Round Cable Strip & Ring Tool for Cables 4.5-29 mm in Diameter & Jonard Tools MS-306 Fiber Optic Cable Mid Span Slit & Ring Tool (1.2 mm - 3.3 mm)","JONARD TOOLS","Amazon","Tools & Home Improvement",14584,"Wire Strippers",129.92,"N/A",894,-15,116148.48,1683,4.4,"Amazon",1,9657,"N/A","N/A","N/A","N/A","N/A","N/A","N/A","N/A","03/01/2023",640,7,17,0.53
"https://amazon.com/dp/B09JV4G77K","B09JV4G77K","Jonard Tools OTDR-1000 Multi-Function OTDR with OTDR, Event Map, Power Meter, Light Source, VFL, Network Cable Tester, and More","JONARD TOOLS","Amazon","Industrial & Scientific",53518,"Network & Cable Testers",1495.95,2,72,,107708.4,13,4.7,"Amazon",2,"N/A","N/A","Large Standard-Size",7.5590551181102,10.354330708661,3.3464566929134,2.37258,"N/A","N/A","04/01/2023",19,6,10,5.54
"https://amazon.com/dp/B0BYML4DC8","B0BYML4DC8","Jonard Tools CST-1140 Round Cable Strip & Ring Tool for Cables 4.5-29 mm in Diameter and Jonard JIC-186 Kevlar Ergonomic Fiber Optic Cutter, 6"" Length","JONARD TOOLS","Amazon","Tools & Home Improvement",14584,"Wire Strippers",115.9,"N/A",894,-15,103614.6,1683,4.4,"Amazon",1,9657,"N/A","N/A","N/A","N/A","N/A","N/A","N/A","N/A","03/01/2023",640,7,17,0.53
"https://amazon.com/dp/B09SN5KNMQ","B09SN5KNMQ","Jonard Tools CST-1140 Round Cable Strip & Ring Tool for Cables 4.5 - 29 mm in Diameter","JONARD TOOLS","Amazon","Tools & Home Improvement",14392,"Wire Strippers",99.95,"N/A",983,-13,98250.85,1677,4.4,"Amazon",7,10767,"N/A","Large Standard-Size",5.9055118110236,7.9527559055118,1.9685039370079,0.3087,"N/A","N/A","03/01/2023",15,6,17,0.59
"https://amazon.com/dp/B0BF5MPC3F","B0BF5MPC3F","Jonard Tools CST-1900 Round Cable Stripper for Fast and Precise Jacket Removal, 3/16"" to 1 1/8"" Diameter & FOD-2000 Fiber Optic Drop Cable Slitter for 0.250"" Flat Cable, Blue","JONARD TOOLS","Amazon","Tools & Home Improvement",14584,"Wire Strippers",106.21,"N/A",894,-15,94951.74,1678,4.4,"Amazon",1,9657,"N/A","N/A","N/A","N/A","N/A","N/A","N/A","N/A","03/01/2023",640,7,17,0.53
"https://amazon.com/dp/B08KKT5C55","B08KKT5C55","Jonard Tools RC-336ACSR Ratcheting Cable Cutter for 336ACSR Aluminum Cables Up to 30 mm Diameter","JONARD TOOLS","Amazon","Tools & Home Improvement",75486,"Wire Cutters",397.95,7,216,-33,85957.2,404,4.6,"Amazon",3,"N/A","N/A","Large Standard-Size",5.4724409448819,9.8425196850394,2.0866141732283,2.648205,"N/A","N/A","08/01/2022",31,6,6,0.53
"https://amazon.com/dp/B08N3DCFSX","B08N3DCFSX","Jonard Tools EBC-800 Power Oscillating Multi-Tool Electrical Wall Box Cutter, Double Gang","JONARD TOOLS","Amazon","Tools & Home Improvement",10863,"Oscillating Tool Blades",87.95,11,895,5,78715.25,1581,4.8,"Amazon",5,7447,-7,"Large Standard-Size",4.7637795275591,6.1417322834646,1.8110236220472,0.407925,"N/A","N/A","03/01/2023",30,6,7,0.57
"https://amazon.com/dp/B0BF5LQRQW","B0BF5LQRQW","Jonard Tools Round Cable Stripper, 3/16"" to 1 1/8"" Diameter & Klein Tools Wire Cutter/Wire Stripper, Heavy Duty Automatic Wire Stripper Tool for 8-20 AWG Solid and 10-22 AWG Stranded Electrical Wire","JONARD TOOLS","Amazon","Tools & Home Improvement",14584,"Wire Strippers",81.23,"N/A",894,-15,72619.62,1678,4.4,"Amazon",0,9657,"N/A","N/A","N/A","N/A","N/A","N/A","N/A","N/A","03/01/2023",640,7,17,0.53
"https://amazon.com/dp/B0BF5K6BHQ","B0BF5K6BHQ","Jonard Tools CST-1900 Round Cable Stripper for Fast and Precise Jacket Removal, 3/16"" to 1 1/8"" Diameter & JIC-375 Three Hole Fiber Optic Stripper with TPR Handle, 6"" Length","JONARD TOOLS","Amazon","Tools & Home Improvement",14584,"Wire Strippers",81.18,"N/A",894,-15,72574.92,1678,4.4,"Amazon",0,9657,"N/A","N/A","N/A","N/A","N/A","N/A","N/A","N/A","03/01/2023",640,7,17,0.53
"https://amazon.com/dp/B08P2HCRL3","B08P2HCRL3","Jonard Tools EBW-412 Electrical Box Cutting Kit, Single Gang with Wall Template Leveler & Electrical Box Cutter Attachment","JONARD TOOLS","Amazon","Tools & Home Improvement",9299,"Oscillating Tool Blades",79.95,8,895,5,71555.25,1581,4.8,"Amazon",6,7447,-7,"Large Standard-Size",7.28,9.02,5.75,0.85995,"N/A","N/A","03/01/2023",29,6,7,0.57
"https://amazon.com/dp/B08TTLWSPQ","B08TTLWSPQ","Jonard Tools EBW-812 Electrical Box Cutting Kit, Double Gang","JONARD TOOLS","Amazon","Tools & Home Improvement",9299,"Oscillating Tool Blades",84.95,-7,811,2,68894.45,1581,4.8,"Amazon",6,7225,-10,"Large Standard-Size",7.0866141732283,9.1732283464567,5.8267716535433,0.862155,"N/A","N/A","03/01/2023",27,6,7,0.51
"https://amazon.com/dp/B082DYNBC7","B082DYNBC7","Jonard Tools CST-4000 Round Cable Stripper for Fast and Precise Jacket Removal, Large Cables, 3/4"" to 1 5/8"" Diameter","JONARD TOOLS","Amazon","Tools & Home Improvement",14392,"Wire Strippers",85.95,1,983,-13,66844,1683,4.4,"Amazon",6,10767,"N/A","Large Standard-Size",3.8188976377953,9.1732283464567,1.5354330708661,0.29547,"N/A","N/A","03/01/2023",41,7,17,0.58
"https://amazon.com/dp/B01LYS9VWT","B01LYS9VWT","Jonard Tools EBC-400 Power Oscillating Multi-Tool Single Gang Electrical Wall Outlet Cutter","JONARD TOOLS","Amazon","Tools & Home Improvement",13247,"Oscillating Tool Blades",71.6,4,895,5,64082,1583,4.8,"Amazon",7,7447,-7,"Large Standard-Size",3.4,7.9,1.7,0.350595,"N/A","N/A","03/01/2023",68,5,7,0.57
"https://amazon.com/dp/B09VN6XFFL","B09VN6XFFL","Jonard Tools MS-446 Mid Span Fiber Optic Cable Slit & Ring Tool (8.7 mm-14.6 mm)","JONARD TOOLS","Amazon","Tools & Home Improvement",30341,"Wire Strippers",176.2,-10,362,-6,63784.4,351,4.7,"Amazon",6,3506,25,"Large Standard-Size",9.0944881889764,14.763779527559,1.8897637795276,0.5292,"N/A","N/A","03/01/2023",14,6,15,1.03
"https://amazon.com/dp/B0BF5KTL58","B0BF5KTL58","Jonard Tools CST-1900 Round Cable Stripper for Fast and Precise Jacket Removal, 3/16"" to 1 1/8"" Diameter & Jonard JIC-186 Kevlar Ergonomic Fiber Optic Cutter, 6"" Length","JONARD TOOLS","Amazon","Tools & Home Improvement",14392,"Wire Strippers",67.2,"N/A",894,-15,60076.8,1678,4.4,"Amazon",0,9657,"N/A","N/A","N/A","N/A","N/A","N/A","N/A","N/A","03/01/2023",640,7,17,0.53
"https://amazon.com/dp/B08VYFC2JZ","B08VYFC2JZ","Jonard Tools MS-526 Mid Span Slit & Ring Tool (10.2 mm-18.2 mm)","JONARD TOOLS","Amazon","Tools & Home Improvement",30341,"Wire Strippers",163.72,4,362,-6,59266.64,351,4.7,"Amazon",9,3896,9,"Large Standard-Size",4.6,8.4,1.5,0.549045,"N/A","N/A","03/01/2023",27,6,15,1.03
"https://amazon.com/dp/B0BXN9XSFG","B0BXN9XSFG","Jonard Tools Round Cable Stripper, 3/16"" to 1 1/8"" Diameter & Jonard Tools Impact Resistant Hex Can Wrench with 7/16"" and 3/8"" Hex Sockets and Ergonomic Handle, 1"" Diameter, 7"" Length, Outer","JONARD TOOLS","Amazon","Tools & Home Improvement",14584,"Wire Strippers",65.21,1,894,-15,58288.8,1683,4.4,"Amazon",1,9657,"N/A","N/A","N/A","N/A","N/A","N/A","N/A","N/A","03/01/2023",1,7,17,0.53
"https://amazon.com/dp/B07VTRRH83","B07VTRRH83","Jonard Tools MS-426 Miniflex Tube Fiber Optic Cable Slit and Ring Tool (5.8 mm - 12 mm)","JONARD TOOLS","Amazon","Tools & Home Improvement",30341,"Wire Strippers",149.6,2,362,-6,54155.2,351,4.7,"Amazon",3,3506,25,"Large Standard-Size",4.6,8.2,1.7,0.549045,"N/A","N/A","03/01/2023",45,6,15,1.03
"https://amazon.com/dp/B0069627PA","B0069627PA","Jonard Tools CST-1900 Round Cable Stripper for Fast and Precise Jacket Removal, 3/16"" to 1 1/8"" Diameter","JONARD TOOLS","Amazon","Tools & Home Improvement",13689,"Wire Strippers",51.3,-5,983,-13,50182.15,1677,4.4,"Amazon",21,10767,"N/A","Large Standard-Size",4,9,1.5,0.399105,"N/A","N/A","03/01/2023",99,7,17,0.59
"https://amazon.com/dp/B0B3GL3H5W","B0B3GL3H5W","Jonard Tools TK-199B Ultimate Backpack Fiber Prep Kit","JONARD TOOLS","Amazon","Tools & Home Improvement",302875,"Wire Strippers",1695.95,"N/A",28,14,47486.6,47,4.5,"Amazon",2,"N/A","N/A","Small Oversize",15.5,20.5,8.5,17.50329,"N/A","N/A","09/01/2022",11,6,10,0.6
"https://amazon.com/dp/B08SP4999Z","B08SP4999Z","Jonard Tools FLS-55 Multi-Mode & Single-Mode Fiber Optic Light Source with FC/LC/SC (PC/UPC) Adapters","JONARD TOOLS","Amazon","Industrial & Scientific",59241,"Network & Cable Testers",629.95,2,72,19,45356.4,13,4.7,"Amazon",6,149,1255,"Large Standard-Size",5.1968503937008,9.0157480314961,2.6771653543307,1.20834,"N/A","N/A","04/01/2023",27,6,10,3.13
"https://amazon.com/dp/B07P67PK3X","B07P67PK3X","Jonard Tools MS-316 Fiber Optic Cable Mid Span Slit & Ring Tool (2.9 mm - 6.8 mm)","JONARD TOOLS","Amazon","Tools & Home Improvement",30341,"Wire Strippers",114.95,39,362,-6,41611.9,351,4.7,"Amazon",7,3506,25,"Large Standard-Size",3.2283464566929,6.2204724409449,1.6929133858268,0.205065,"N/A","N/A","03/01/2023",49,6,15,1.03
"https://amazon.com/dp/B09SNN8QB9","B09SNN8QB9","Jonard Tools CST-1140RB Replacement Blade for CST-1140 Round Cable Stripper","JONARD TOOLS","Amazon","Tools & Home Improvement",14392,"Wire Strippers",41.95,2,983,-13,41236.85,1677,4.4,"Amazon",2,10767,"N/A","Small Standard-Size",3.8188976377953,5,0.19685039370079,0.02205,"N/A","N/A","03/01/2023",14,5,17,0.59
"https://amazon.com/dp/B07DG7DKVB","B07DG7DKVB","Jonard Tools MS-326 Micro Duct Fiber Optic Cable Slit & Ring Tool (5 mm - 10 mm)","JONARD TOOLS","FBA","Tools & Home Improvement",30341,"Wire Strippers",110.78,3,362,-6,40102.36,351,4.7,"718 Sold It",16,3506,25,"Large Standard-Size",4.9606299212598,7.4803149606299,1.5748031496063,0.28665,23.333954148222997,81.16157964599304,"03/01/2023",58,6,15,1.03
"https://amazon.com/dp/B08TTFK511","B08TTFK511","Jonard Tools MS-336 Fiber Optic Mid Span Slit & Ring Tool for Corning’s Minixtend HD 288 and 432 Cables (7.9-8.2 & 10.7-11.0 mm)","JONARD TOOLS","Amazon","Tools & Home Improvement",25440,"Wire Strippers",108.53,-11,366,-4,39721.98,351,4.7,"Amazon",9,3490,25,"Large Standard-Size",4.72,7.28,1.61,0.240345,"N/A","N/A","03/01/2023",27,6,15,1.04
"https://amazon.com/dp/B00AIBH4Y6","B00AIBH4Y6","Jonard Tools RC-600 Stainless Steel Ratcheting Cable Cutter, Cuts Copper and Aluminum Cable, Up to 1 3/4"" Diameter.","JONARD TOOLS","Amazon","Tools & Home Improvement",68936,"Wire Cutters",176.95,-7,216,-33,38221.2,403,4.6,"Amazon",14,"N/A","N/A","Large Standard-Size",6.259842519685,14.645669291339,2.5196850393701,2.313045,"N/A","N/A","08/01/2022",119,6,6,0.54
"https://amazon.com/dp/B07PCLVW32","B07PCLVW32","Jonard Tools MS-306 Fiber Optic Cable Mid Span Slit & Ring Tool (1.2 mm - 3.3 mm)","JONARD TOOLS","Amazon","Tools & Home Improvement",31845,"Wire Strippers",100.95,"N/A",362,-6,36543.9,351,4.7,"Amazon",6,3506,25,"Large Standard-Size",3.15,6.02,1.65,0.18081,"N/A","N/A","03/01/2023",49,6,15,1.03
"https://amazon.com/dp/B006962IN6","B006962IN6","Jonard Tools M-216CKIT, Impact Resistant Hex Can Wrench Kit with 7/16"" and 3/8"" Hex Sockets, Ergonomic Handle, Built-In Wire Stripper 22 AWG + Hex Security Key Insert 5/16"" and 5/32""","JONARD TOOLS","Amazon","Tools & Home Improvement",14110,"Socket Wrenches",35.8,18,1013,-5,36265.4,1960,4.8,"Amazon",14,10029,"N/A","Large Standard-Size",2.76,9.88,0.91,0.399105,"N/A","N/A","03/01/2023",114,5,6,0.52
"https://amazon.com/dp/B0BYMS71F3","B0BYMS71F3","Jonard Tools TTBW-158 Steel Barrel Fastener Plunger Tool for Water Utility Fasteners with 0.158” Inside Diameter & Jonard Tools SSK-876 Star Key Can Wrench Kit, LC, LG, LB, & LS Patterns","JONARD TOOLS","Amazon","Tools & Home Improvement",55710,"Keyed Padlocks",107.81,1,295,-19,31803.95,409,4,"Amazon",1,"N/A","N/A","N/A","N/A","N/A","N/A","N/A","N/A","N/A","04/01/2023",640,7,5,0.72
"https://amazon.com/dp/B0BYHZFDY6","B0BYHZFDY6","JONARD TOOLS SSK-876 Star Key Can Wrench Kit, LC, LG, LB, & LS Patterns & Jonard TT-7V Pronged Terminator Tool with 4"" Shaft, 8"" Length","JONARD TOOLS","Amazon","Tools & Home Improvement",20602,"Wrenches",58.71,-6,539,32,31644.69,780,4.6,"Amazon",1,4704,43,"N/A","N/A","N/A","N/A","N/A","N/A","N/A","03/01/2023",640,7,17,0.69
"https://amazon.com/dp/B08GP2W3H9","B08GP2W3H9","Jonard Tools PON-50 Passive Optical Network Power Meter (-35 to +15 dBm) for BPON/EPON/GPON","JONARD TOOLS","Amazon","Industrial & Scientific",58835,"Network & Cable Testers",409.95,6,72,19,29516.4,13,4.7,"Amazon",7,149,1255,"Large Standard-Size",5.1181102362205,9.7637795275591,2.992125984252,1.44207,"N/A","N/A","04/01/2023",31,7,10,3.13
"https://amazon.com/dp/B08F6GMQV3","B08F6GMQV3","Jonard Tools TK-151 Fiber Prep Kit w/VFL and Fiber Cleaver+","JONARD TOOLS","FBM","Tools & Home Improvement",302875,"Wire Strippers",1039.93,3,28,14,29118.04,47,4.5,"DataAlchemy",2,"N/A","N/A","Small Oversize",10.45,11.5,9.25,7.65135,"N/A","N/A","09/01/2022",33,6,10,0.6
"https://amazon.com/dp/B09QV31CFW","B09QV31CFW","Jonard Tools CST-900 Round Cable Strip & Ring Tool for Telephone, Network, and Electrical Cable, 8-28 mm","JONARD TOOLS","Amazon","Tools & Home Improvement",14392,"Wire Strippers",28.95,13,983,-13,28457.85,1677,4.4,"Amazon",3,10767,"N/A","Large Standard-Size",4.1732283464567,10.472440944882,2.2834645669291,0.218295,"N/A","N/A","03/01/2023",15,7,17,0.59
"https://amazon.com/dp/B09X8S64T6","B09X8S64T6","Jonard Tools RC-500 Ratcheting Cable Cutter for 500 MCM Copper and 500 MCM Aluminum Power Cables","JONARD TOOLS","Amazon","Tools & Home Improvement",75486,"Wire Cutters",129.95,-12,216,-33,28069.2,403,4.6,"Amazon",6,"N/A","N/A","Large Standard-Size",5.1574803149606,12.913385826772,1.3779527559055,1.867635,"N/A","N/A","08/01/2022",13,6,6,0.54
"https://amazon.com/dp/B0BXJCB5FC","B0BXJCB5FC","JONARD TOOLS SSK-876 Star Key Can Wrench Kit, LC, LG, LB, & LS Patterns & M-216C/EX, Impact Resistant Hex Can Wrench with 7/16"" and 3/8"" Hex Sockets and Ergonomic Handle, 1"" Diameter, 7"" Length","JONARD TOOLS","Amazon","Tools & Home Improvement",20602,"Wrenches",49.57,-5,539,32,26718.23,779,4.5,"Amazon",1,4704,43,"N/A","N/A","N/A","N/A","N/A","N/A","N/A","03/01/2023",640,7,17,0.69
"https://amazon.com/dp/B08BBNK453","B08BBNK453","Jonard Tools JIC-190 Spring-Loaded Flush Cut Kevlar Cutters","JONARD TOOLS","Amazon","Tools & Home Improvement",13465,"Scissors & Shears",26.95,10,977,6,26330.15,1840,4.8,"Amazon",8,8997,20,"Small Standard-Size",3.1102362204724,9.1732283464567,0.70866141732283,0.205065,"N/A","N/A","04/01/2023",35,6,6,0.53
"https://amazon.com/dp/B09Z9FWZY7","B09Z9FWZY7","Jonard Tools TTBW-158 Steel Barrel Fastener Plunger Tool for Water Utility Fasteners with 0.158” Inside Diameter & TTK-225, P Key, for Self Lock Pedestal Lock, Brass, Gold","JONARD TOOLS","Amazon","Tools & Home Improvement",50535,"Keyed Padlocks",76.95,10,341,-15,26239.95,410,4,"Amazon",1,"N/A","N/A","N/A","N/A","N/A","N/A","N/A","N/A","N/A","04/01/2023",12,7,5,0.84
"https://amazon.com/dp/B006C46V06","B006C46V06","Jonard Tools M-216CS22 Can Wrench w/Wire Stripper","JONARD TOOLS","Amazon","Tools & Home Improvement",12869,"Socket Wrenches",25.88,10,1013,-5,26216.44,1967,4.8,"Amazon",9,10029,"N/A","Large Standard-Size",1.5,1,8,0.25,"N/A","N/A","03/01/2023",84,6,6,0.51
"https://amazon.com/dp/B01MRUVZF7","B01MRUVZF7","Jonard Tools MS-26 Mid Span Fiber Optic Cable Slitter (2.9 mm - 6.8 mm)","JONARD TOOLS","Amazon","Tools & Home Improvement",30341,"Wire Strippers",73.48,-8,362,-6,26060.38,351,4.7,"Amazon",10,3506,25,"Large Standard-Size",3.3070866141732,6.1023622047244,1.1811023622047,0.14994,"N/A","N/A","03/01/2023",76,6,15,1.03
"https://amazon.com/dp/B0BLT8KQ5C","B0BLT8KQ5C","Jonard Tools KWC-700 Multi-function Kevlar® & Wire Cable Cutting Shears, 7""","JONARD TOOLS","Amazon","Tools & Home Improvement",14050,"Scissors & Shears",29.95,"N/A",869,0,26026.55,1841,4.8,"Amazon",6,8770,17,"Large Standard-Size",3.9763779527559,9.3700787401575,0.82677165354331,0.51156,"N/A","N/A","04/01/2023",6,6,6,0.47
"https://amazon.com/dp/B09QV1XS3Z","B09QV1XS3Z","Jonard Tools CST-900RB Replacement Blade for CST-900 Round Cable Strip & Ring Tool (Pack of 3)","JONARD TOOLS","Amazon","Tools & Home Improvement",14392,"Wire Strippers",25.95,17,983,-13,25508.85,1677,4.4,"Amazon",6,10767,"N/A","Small Standard-Size",3.8582677165354,8.4645669291339,0.59055118110236,0.019845,"N/A","N/A","03/01/2023",15,5,17,0.59
"https://amazon.com/dp/B0BXJDBSSH","B0BXJDBSSH","JONARD TOOLS SSK-876 Star Key Can Wrench Kit, LC, LG, LB, & LS Patterns & ASW-716, Double Ended Speed Wrench, Angled Head, 7/16""","JONARD TOOLS","Amazon","Tools & Home Improvement",20602,"Wrenches",46.57,-5,539,32,25101.23,780,4.6,"Amazon",1,4704,43,"N/A","N/A","N/A","N/A","N/A","N/A","N/A","03/01/2023",640,7,17,0.69
"https://amazon.com/dp/B09Z9FWS2S","B09Z9FWS2S","Jonard Tools SSK-876 Star Key Can Wrench Kit, LC, LG, LB, & LS Patterns & , TTK-225, P Key, for Self Lock Pedestal Lock, Brass, Gold","JONARD TOOLS","Amazon","Tools & Home Improvement",20602,"Wrenches",45.62,7,539,32,24589.18,779,4.5,"Amazon",1,4704,43,"N/A","N/A","N/A","N/A","N/A","N/A","N/A","03/01/2023",12,7,17,0.69
"https://amazon.com/dp/B00U7CV5NM","B00U7CV5NM","Jonard Tools MS-6 Mid Span Fiber Optic Cable Slitter (1.2 mm - 3mm)","JONARD TOOLS","Amazon","Tools & Home Improvement",30341,"Wire Strippers",66.74,"N/A",362,-6,24159.88,351,4.7,"Amazon",20,3506,25,"Small Standard-Size",3,5.8,0.2,0.099225,"N/A","N/A","03/01/2023",97,6,15,1.03
"https://amazon.com/dp/B07G18B8PQ","B07G18B8PQ","SSK-900 Jonard Tools Can Wrench and P Key Kit","JONARD TOOLS","Amazon","Tools & Home Improvement",20602,"Wrenches",43.99,-4,539,32,23662.1,780,4.6,"Amazon",5,4704,43,"Large Standard-Size",2.755905511811,9.5669291338583,1.2204724409449,0.31752,"N/A","N/A","03/01/2023",54,6,17,0.69
"https://amazon.com/dp/B09JB37XNW","B09JB37XNW","Jonard Tools HSC-875 Hardline Coring and Stripping Tool 0.875"" for Times Fiber T10 and Commscope P3 Cables","JONARD TOOLS","Amazon","Tools & Home Improvement",132062,"Wire Strippers",166.95,27,141,47,23539.95,81,4.4,"Amazon",3,1009,106,"Large Standard-Size",4.6850393700787,9.7244094488189,1.9685039370079,1.722105,"N/A","N/A","04/01/2023",19,6,7,1.74
"https://amazon.com/dp/B01HG6666C","B01HG6666C","SSK-800 Jonard Tools Star Key Can Wrench Kit for LG & LB Patterns","JONARD TOOLS","Amazon","Tools & Home Improvement",20546,"Wrenches",41.38,73,539,32,23230.9,778,4.5,"Amazon",5,4704,43,"Large Standard-Size",2.755905511811,9.6850393700787,1.3779527559055,0.36603,"N/A","N/A","03/01/2023",66,6,17,0.69
"https://amazon.com/dp/B08KK9GNFF","B08KK9GNFF","Jonard Tools TTBW-158 Steel Barrel Fastener Plunger Tool for Water Utility Fasteners with 0.158” Inside Diameter","JONARD TOOLS","Amazon","Tools & Home Improvement",62136,"Keyed Padlocks",66.95,6,341,-15,22829.95,408,4,"Amazon",2,"N/A","N/A","Large Standard-Size",2.76,9.09,1.02,0.26019,"N/A","N/A","04/01/2023",31,7,5,0.84
"https://amazon.com/dp/B07G5MLZTN","B07G5MLZTN","SSK-950 Tools Can Wrench Kit with P Key & Star Key","JONARD TOOLS","Amazon","Tools & Home Improvement",20546,"Wrenches",41.95,3,542,34,22736.9,780,4.6,"Amazon",7,5170,22,"Large Standard-Size",2.755905511811,9.6850393700787,1.1811023622047,0.38808,"N/A","N/A","03/01/2023",56,6,17,0.69
"https://amazon.com/dp/B07PYT87PB","B07PYT87PB","Jonard Tools HSC-860QR Hardline Coring & Stripping Tool Kit for 860QR Cable","JONARD TOOLS","Amazon","Tools & Home Improvement",132062,"Wire Strippers",156.95,28,141,47,22129.95,81,4.4,"Amazon",6,1009,106,"Large Standard-Size",4.8425196850394,10.905511811024,1.9685039370079,2.229255,"N/A","N/A","04/01/2023",49,6,7,1.74
"https://amazon.com/dp/B00UFIH956","B00UFIH956","Jonard Tools SSK-876 Star Key Can Wrench Kit, LC, LG, LB, & LS Patterns","JONARD TOOLS","Amazon","Tools & Home Improvement",20546,"Wrenches",40.86,10,539,32,22023.54,779,4.5,"Amazon",17,4704,43,"Large Standard-Size",2.91,9.65,0.98,0.399105,"N/A","N/A","03/01/2023",97,7,17,0.69
"https://amazon.com/dp/B07PVL5T2C","B07PVL5T2C","Jonard Tools HSC-540QR Hardline Coring & Stripping Tool Kit for 540QR Cable","JONARD TOOLS","Amazon","Tools & Home Improvement",123223,"Wire Strippers",155.73,63,141,47,21949.47,81,4.4,"Amazon",2,1009,106,"Large Standard-Size",4.7637795275591,10.787401574803,1.8110236220472,1.775025,"N/A","N/A","04/01/2023",49,6,7,1.74
"https://amazon.com/dp/B01HG665MC","B01HG665MC","Jonard Tools TK-150 Fiber Prep Kit (15 Piece Kit)","JONARD TOOLS","Amazon","Tools & Home Improvement",302875,"Wire Strippers",781.91,54,28,14,21893.48,47,4.5,"Amazon",2,"N/A","N/A","Small Oversize",11.7,13.6,11.1,7.0512067897425,"N/A","N/A","09/01/2022",78,6,10,0.6
"https://amazon.com/dp/B01HG664U0","B01HG664U0","SSK-850 Jonard Tools Star Key Can Wrench Kit for LB & LS Patterns","JONARD TOOLS","FBM","Tools & Home Improvement",20546,"Wrenches",40.2,2,539,32,21667.8,779,4.5,"inconsupply",9,4704,43,"Large Standard-Size",2.992125984252,10.748031496063,0.98425196850394,0.350595,"N/A","N/A","03/01/2023",76,6,17,0.69
"https://amazon.com/dp/B07W1WWV1Z","B07W1WWV1Z","Jonard Tools HSC-715QR Hardline Coring & Stripping Tool Kit For 715QR Cable","JONARD TOOLS","Amazon","Tools & Home Improvement",123223,"Wire Strippers",153.33,-2,141,47,21604.02,81,4.4,"Amazon",7,1009,106,"Large Standard-Size",4.7244094488189,11.574803149606,1.8110236220472,1.797075,"N/A","N/A","04/01/2023",45,6,7,1.74
"https://amazon.com/dp/B00UFIH8SY","B00UFIH8SY","General Hand Tool Kit,No. of Pcs. 3","JONARD TOOLS","Amazon","Tools & Home Improvement",14027,"Scissors & Shears",20.57,10,977,6,20096.89,1840,4.8,"Amazon",11,8997,20,"Large Standard-Size",6.2,1.62,8.25,0.35,"N/A","N/A","04/01/2023",97,5,6,0.53
"https://amazon.com/dp/B0843HRPK2","B0843HRPK2","Jonard Tools FLS-50 Fiber Optic Light Source with Included FC/SC/LC (PC/UPC) Adapters for Single Mode Fiber Measurements","JONARD TOOLS","FBA","Industrial & Scientific",53518,"Network & Cable Testers",249,-14,80,231,19920,13,4.7,"TmbDepot",8,186,1140,"Large Standard-Size",5.04,10.67,2.76,0.48951,59.266515,206.1444,"04/01/2023",39,6,10,6.15
"https://amazon.com/dp/B08P2C8H55","B08P2C8H55","Jonard Tools WTL-34 Wall Box Template & Level for Non-Metallic Electrical Boxes, 3-Gang and 4-Gang","JONARD TOOLS","Amazon","Tools & Home Improvement",9299,"Oscillating Tool Blades",21.95,"N/A",895,5,19645.25,1581,4.8,"Amazon",2,7447,-7,"Large Standard-Size",4.89,11.9,1.14,0.280035,"N/A","N/A","03/01/2023",29,6,7,0.57
"https://amazon.com/dp/B078WX1DC6","B078WX1DC6","Jonard Tools HSC-50 Hardline Coring and Stripping Tool 1/2"" for Times Fiber T10 and Commscope P3 Cables","JONARD TOOLS","Amazon","Tools & Home Improvement",123223,"Wire Strippers",136.95,28,141,47,19309.95,81,4.4,"Amazon",15,1009,106,"Large Standard-Size",4.6850393700787,9.3307086614173,2.0866141732283,1.75077,"N/A","N/A","04/01/2023",62,6,7,1.74
"https://amazon.com/dp/B07G38KXZX","B07G38KXZX","Jonard Tools HSC-625 Hardline Coring and Stripping Tool 5/8"" for Times Fiber T10 and Commscope P3 Cables","JONARD TOOLS","Amazon","Tools & Home Improvement",123223,"Wire Strippers",136.95,23,141,47,19309.95,81,4.4,"Amazon",9,1009,106,"Large Standard-Size",4.6456692913386,9.6456692913386,2.0472440944882,1.73313,"N/A","N/A","04/01/2023",57,6,7,1.74
"https://amazon.com/dp/B078WXFK79","B078WXFK79","Jonard Tools HSC-75 Hardline Coring and Stripping Tool 3/4"" for Times Fiber T10 and Commscope P3 Cables","JONARD TOOLS","Amazon","Tools & Home Improvement",132062,"Wire Strippers",136.95,29,141,47,19309.95,81,4.4,"Amazon",4,1009,106,"Large Standard-Size",4.65,9.18,2.05,1.170855,"N/A","N/A","04/01/2023",48,6,7,1.74
"https://amazon.com/dp/B08VX1R9PJ","B08VX1R9PJ","Jonard Tools TK-395 Communication Scissor & Pouch Kit with Stainless Steel Scissors and Molded Tool Pouch, Blue","JONARD TOOLS","Amazon","Tools & Home Improvement",13465,"Scissors & Shears",21.95,7,869,0,19074.55,1840,4.8,"Amazon",5,8770,17,"Large Standard-Size",6.57,8.39,5.04,0.63945,"N/A","N/A","04/01/2023",27,6,6,0.47
"https://amazon.com/dp/B0B3GVDQBH","B0B3GVDQBH","Jonard Tools TK-179B Advanced Backpack Fiber Prep Kit","JONARD TOOLS","Amazon","Tools & Home Improvement",302875,"Wire Strippers",679.26,-10,28,14,19019.28,47,4.5,"Amazon",2,"N/A","N/A","Small Oversize",15.7,20.7,9,13.501215,"N/A","N/A","09/01/2022",11,6,10,0.6
"https://amazon.com/dp/B09CJLB3MX","B09CJLB3MX","Jonard Tools TK-355 3 Hole Fiber Stripper & Kevlar Shears Scissor Kit, Leather Pouch","JONARD TOOLS","Amazon","Tools & Home Improvement",39733,"Wire Strippers",55.95,27,320,9,17904,842,4.6,"Amazon",6,3112,"N/A","Large Standard-Size",3.35,10.39,2.52,0.78939,"N/A","N/A","04/01/2023",21,6,5,0.38
"https://amazon.com/dp/B006962CUK","B006962CUK","Jonard Tools JIC-375 Three Hole Fiber Optic Stripper with TPR Handle, 6"" Length","JONARD TOOLS","Amazon","Tools & Home Improvement",29558,"Wire Strippers",29.92,"N/A",597,4,17862.24,1078,4.8,"Amazon",13,5982,3,"Small Standard-Size",3.503937007874,9.3700787401575,0.66929133858268,0.28665,"N/A","N/A","04/01/2023",99,10,0,0.55
"https://amazon.com/dp/B00E1Q4OGU","B00E1Q4OGU","Jonard Tools TK-350 Fiber Stripper & Kevlar Cutting Kit","JONARD TOOLS","Amazon","Tools & Home Improvement",57284,"Wire Strippers",55.81,2,320,9,17859.2,842,4.6,"Amazon",13,3112,"N/A","Large Standard-Size",3.2677165354331,9.0551181102362,2.244094488189,0.72765,"N/A","N/A","04/01/2023",113,6,5,0.38
"https://amazon.com/dp/B09N7Q3P1H","B09N7Q3P1H","Jonard Tools AHC-19 Adjustable Round Hole Cutter w/Vacuum Port, 9""","JONARD TOOLS","Amazon","Tools & Home Improvement",213859,"Combo Kits",119.95,9,148,-5,17752.6,159,4.6,"Amazon",5,1293,"N/A","Large Standard-Size",13.385826771654,17.007874015748,5.5905511811024,7.552125,"N/A","N/A","02/01/2022",17,6,3,0.93
"https://amazon.com/dp/B08KJL5H2R","B08KJL5H2R","Jonard Tools TK-161 Fiber Prep Kit w/VFL+","JONARD TOOLS","Amazon","Tools & Home Improvement",302875,"Wire Strippers",614.95,20,28,14,17218.6,47,4.5,"Amazon",4,"N/A","N/A","Small Oversize",14.37,16,10.56,8.451765,"N/A","N/A","09/01/2022",31,6,10,0.6
"https://amazon.com/dp/B006C3YEMO","B006C3YEMO","Jonard Tools FOD-2000 Fiber Optic Drop Cable Slitter for 0.250"" Flat Cable , Blue","JONARD TOOLS","Amazon","Electronics",15765,"Optical",54.95,"N/A",333,-10,17072.91,562,4.6,"Amazon",13,"N/A","N/A","Large Standard-Size",4.0944881889764,9.1338582677165,1.8897637795276,0.2205,"N/A","N/A","03/01/2023",133,8,4,0.59
"https://amazon.com/dp/B01CTX6OA0","B01CTX6OA0","Jonard Tools TK-160 Fiber Prep Kit w/VFL","JONARD TOOLS","Amazon","Tools & Home Improvement",299136,"Wire Strippers",599.95,-4,28,14,16798.6,47,4.5,"Amazon",9,"N/A","N/A","Small Oversize",11,11.9,10.2,7.20123246612,"N/A","N/A","09/01/2022",76,6,10,0.6
"https://amazon.com/dp/B0B44HBRQN","B0B44HBRQN","Jonard Tools ASW-3 Speed Wrench Kit, 9/16"", 1/2"", 7/16"", Chrome","JONARD TOOLS","Amazon","Tools & Home Improvement",25245,"Combination Wrenches",35.47,-2,473,-11,16777.31,1905,4.8,"Amazon",5,"N/A","N/A","Large Standard-Size",5.9448818897638,10.787401574803,2.2047244094488,1.23039,"N/A","N/A","03/01/2023",10,6,10,0.25
"https://amazon.com/dp/B0713YNPJP","B0713YNPJP","Jonard Tools TK-170 Fiber Prep Kit w/Midspan Slitters for Fiber Optic Cable","JONARD TOOLS","Amazon","Tools & Home Improvement",270587,"Wire Strippers",593.49,34,28,14,16617.72,47,4.5,"Amazon",5,"N/A","N/A","Small Oversize",11.102362204724,12.007874015748,9.6062992125984,6.8796,"N/A","N/A","09/01/2022",67,6,10,0.6
"https://amazon.com/dp/B07LCHNFRH","B07LCHNFRH","Jonard Tools FPM-50A High Precision Fiber Optic Power Meter (-50 to +26 dBm) with FC/SC/LC Adapters for PC/UPC/APC Connectors with Included Carry Case","JONARD TOOLS","Amazon","Industrial & Scientific",53518,"Network & Cable Testers",251.14,1,63,,15818.04,13,4.7,"Amazon",11,"N/A","N/A","Large Standard-Size",5.1968503937008,9.7244094488189,2.6771653543307,1.038555,"N/A","N/A","04/01/2023",53,6,10,4.85
"https://amazon.com/dp/B01HG664VY","B01HG664VY","SSK-750 Jonard Tools Star Key Can Wrench Kit for LC & LG Patterns","JONARD TOOLS","Amazon","Tools & Home Improvement",20546,"Wrenches",28.95,14,539,32,15604.05,778,4.5,"Amazon",4,4704,43,"Large Standard-Size",0.78740157480315,10.511811023622,0.51181102362205,1.34946,"N/A","N/A","03/01/2023",68,6,17,0.69
"https://amazon.com/dp/B006962C9G","B006962C9G","Jonard JIC-186 Kevlar Ergonomic Fiber Optic Cutter, 6"" Length","JONARD TOOLS","Amazon","Tools & Home Improvement",14027,"Scissors & Shears",15.95,4,962,3,15343.9,1840,4.8,"Amazon",22,9862,"N/A","Small Standard-Size",3.98,7.68,0.75,0.2205,"N/A","N/A","04/01/2023",108,6,6,0.52
"https://amazon.com/dp/B07X4RPFQC","B07X4RPFQC","Jonard Tools FC-500 Precision Fiber Optic Cleaver for 250µm and 900µm Fiber Cable with 16 Position Blades","JONARD TOOLS","Amazon","Industrial & Scientific",38990,"Knives & Razor Blades",240.71,2,61,80,15246.95,83,3.8,"Amazon",7,703,35,"Large Standard-Size",4.5275590551181,5.3543307086614,3.2677165354331,0.90405,"N/A","N/A","08/01/2022",44,6,5,0.73
"https://amazon.com/dp/B07TXMPCG7","B07TXMPCG7","Jonard Tools AHC-10, Professional Grade Round Hole Saw Cutter, Includes Dust Shield and Case, Cuts Plywood Plasterboard Sheetrock Acrylic Up to 1 1/16” Thick, Adjustable Hole Size 2.2” to 10”, Silver","JONARD TOOLS","Amazon","Tools & Home Improvement",213859,"Combo Kits",102.11,5,148,-5,15112.28,160,4.6,"Amazon",2,1293,"N/A","Large Standard-Size",13.62,16.06,4.69,5.841045,"N/A","N/A","02/01/2022",46,8,3,0.93
"https://amazon.com/dp/B006C46SFO","B006C46SFO","Jonard Tools, M-216C/REX, Can Wrench, Round Outer Socket","JONARD TOOLS","Amazon","Tools & Home Improvement",14110,"Socket Wrenches",14.52,5,1013,-5,14708.76,1959,4.8,"Amazon",10,10029,"N/A","Large Standard-Size",8.9,0.9,2,0.3,"N/A","N/A","03/01/2023",102,6,6,0.52
"https://amazon.com/dp/B006C3TVRW","B006C3TVRW","Jonard Tools CST-7915 Spring-Loaded Replacement Cutting Blade for Round Cable Strippers, Rotatable 90 Degrees","JONARD TOOLS","Amazon","Tools & Home Improvement",13689,"Wire Strippers",14.95,"N/A",983,-13,14695.85,1677,4.4,"Amazon",8,10767,"N/A","Small Standard-Size",2.65,3.75,0.56,0.019845,"N/A","N/A","03/01/2023",129,5,17,0.59
"https://amazon.com/dp/B006962IEK","B006962IEK","Jonard Tools M-216C/EX, Impact Resistant Hex Can Wrench with 7/16"" and 3/8"" Hex Sockets and Ergonomic Handle, 1"" Diameter , 7"" Length, Outer","JONARD TOOLS","Amazon","Tools & Home Improvement",12869,"Socket Wrenches",13.95,11,1013,-5,14131.35,1967,4.8,"Amazon",17,10029,"N/A","Large Standard-Size",2.1653543307087,9.6850393700787,0.98425196850394,0.1323,"N/A","N/A","03/01/2023",135,5,6,0.51
"https://amazon.com/dp/B07TWJNQMC","B07TWJNQMC","Jonard Tools WTL-12, Wall Box Template and Level for Old Work Electrical Boxes,Blue","JONARD TOOLS","Amazon","Tools & Home Improvement",9299,"Oscillating Tool Blades",14.95,"N/A",895,5,13380.25,1583,4.8,"Amazon",7,7447,-7,"Large Standard-Size",4.92,7.52,1.14,0.200655,"N/A","N/A","03/01/2023",46,6,7,0.57
"https://amazon.com/dp/B08KLF1RS4","B08KLF1RS4","Jonard Tools WTL-32M Wall Box Template & Level for 1-Gang and 2-Gang Metal Boxes","JONARD TOOLS","Amazon","Tools & Home Improvement",9299,"Oscillating Tool Blades",14.95,31,895,5,13380.25,1581,4.8,"Amazon",2,7447,-7,"Large Standard-Size",4.9606299212598,7.5196850393701,1.1417322834646,0.18522,"N/A","N/A","03/01/2023",31,6,7,0.57
"https://amazon.com/dp/B006C46TO4","B006C46TO4","Jonard Tools M-216C/RX, Impact Resistant Round Can Wrench with 7/16"" and 3/8"" Hex Sockets","JONARD TOOLS","Amazon","Tools & Home Improvement",14110,"Socket Wrenches",13.2,9,1013,-5,13371.6,1960,4.8,"Amazon",7,10029,"N/A","Small Standard-Size",0.51,7,0.5,0.200655,"N/A","N/A","03/01/2023",134,7,6,0.52
"https://amazon.com/dp/B076CH9SYS","B076CH9SYS","SSK-700 Jonard Tools Star Key Can Wrench Kit for LK & LB Patterns","JONARD TOOLS","Amazon","Tools & Home Improvement",20546,"Wrenches",24.4,-13,539,32,13151.6,780,4.6,"Amazon",7,4704,43,"Large Standard-Size",2.755905511811,9.6456692913386,1.2992125984252,0.368235,"N/A","N/A","03/01/2023",66,6,17,0.69
"https://amazon.com/dp/B00UFIH9H4","B00UFIH9H4","SSK-716 Jonard Tools Star Key Can Wrench 7/16","JONARD TOOLS","Amazon","Tools & Home Improvement",20546,"Wrenches",23.05,-11,539,32,12423.95,778,4.5,"Amazon",12,4704,43,"Large Standard-Size",1.2,1.2,7.5,0.2500427939625,"N/A","N/A","03/01/2023",96,6,17,0.69
"https://amazon.com/dp/B0B3FXZ2ZM","B0B3FXZ2ZM","Jonard Tools TK-121B Backpack Fiber Prep Kit+","JONARD TOOLS","Amazon","Tools & Home Improvement",302875,"Wire Strippers",419.95,11,28,14,11758.6,47,4.5,"Amazon",2,"N/A","N/A","Small Oversize",16.2,18,14.7,10.90152,"N/A","N/A","09/01/2022",11,6,10,0.6
"https://amazon.com/dp/B0BVT2Z2ZQ","B0BVT2Z2ZQ","Jonard Tools AST-210 CableSaber+™ Armored Cable Slitting Tool","JONARD TOOLS","Amazon","Tools & Home Improvement",125165,"Knives & Razor Blades",184.95,"N/A",63,45,11651.85,17,4.2,"Amazon",5,151,"N/A","Large Standard-Size",2.5984251968504,9.0157480314961,1.3385826771654,0.875385,"N/A","N/A","04/01/2023",1,6,4,3.94
"https://amazon.com/dp/B0B4PTW44G","B0B4PTW44G","Jonard Tools TK-107B Backpack Fiber Optic Mid Span Slit & Ring Tool Kit (1.2 mm-18.2 mm)+","JONARD TOOLS","Amazon","Tools & Home Improvement",498515,"Tool Sets",1634.95,22,7,-26,11444.65,18,4.6,"Amazon",1,"N/A","N/A","Small Oversize",15.75,20.25,8.5,12.301695,"N/A","N/A","09/01/2022",10,6,5,0.39
"https://amazon.com/dp/B078WMHHV8","B078WMHHV8","Jonard Tools FPM-50 High Precision Fiber Optic Power Meter (-50 to +26 dBm) with FC/SC Adapters for PC/UPC/APC Connectors with Included Carry Case","JONARD TOOLS","Amazon","Industrial & Scientific",409223,"Power Meters",399,"N/A",28,-72,11172,10,5,"Amazon",1,139,3375,"Large Standard-Size",5.1968503937008,9.8818897637795,2.7952755905512,1.08927,"N/A","N/A","04/01/2023",62,5,1,2.8
"https://amazon.com/dp/B07ZK69HJX","B07ZK69HJX","Jonard Tools FOR-3000 Round Fiber Optic Cable Stripper for Fast and Precise Jacket Removal, 9 mm to 19 mm Diameter, Blue","JONARD TOOLS","Amazon","Tools & Home Improvement",86250,"Wire Strippers",85.67,"N/A",126,-35,10794.42,561,4.6,"Amazon",7,1277,37,"Large Standard-Size",5.0787401574803,8.8976377952756,2.4015748031496,0.324135,"N/A","N/A","03/01/2023",42,6,4,0.22
"https://amazon.com/dp/B00UFIH9AG","B00UFIH9AG","SSK-75 Jonard Tools Slam Lock Star Key for LC & LG Patterns","JONARD TOOLS","Amazon","Tools & Home Improvement",20546,"Wrenches",19.52,4,539,32,10521.28,779,4.5,"Amazon",12,4704,43,"Small Standard-Size",2.3228346456693,4.8818897637795,0.51181102362205,0.0441,"N/A","N/A","03/01/2023",96,6,17,0.69
"https://amazon.com/dp/B00UFIH9J2","B00UFIH9J2","SSK-85 Jonard Tools Slam Lock Star Key for LB & LS Patterns","JONARD TOOLS","Amazon","Tools & Home Improvement",20546,"Wrenches",19.52,4,539,32,10521.28,778,4.5,"Amazon",9,4704,43,"Small Standard-Size",2.1259842519685,4.9212598425197,0.35433070866142,0.07056,"N/A","N/A","03/01/2023",96,6,17,0.69
"https://amazon.com/dp/B01H3VW8SK","B01H3VW8SK","Jonard Tools SSK-80 Star Key for LG and LB","JONARD TOOLS","Amazon","Tools & Home Improvement",20546,"Wrenches",19.52,4,539,32,10521.28,779,4.5,"Amazon",9,4704,43,"Small Standard-Size",2.25,4.6,0.45,0.0700119823095,"N/A","N/A","03/01/2023",70,6,17,0.69
"https://amazon.com/dp/B076HYLY83","B076HYLY83","SSK-70 Jonard Tools Slam Lock Star Key for LK & LB Patterns","JONARD TOOLS","Amazon","Tools & Home Improvement",20546,"Wrenches",19.03,3,539,32,10257.17,780,4.6,"Amazon",9,4704,43,"Small Standard-Size",2.3228346456693,4.6850393700787,0.51181102362205,0.07056,"N/A","N/A","03/01/2023",66,6,17,0.69
"https://amazon.com/dp/B006962OAI","B006962OAI","Jonard Tools TK-400 3 Piece Splicers Kit with included Splicing Knife, Electrician's Scissors, and Leather Pouch","JONARD TOOLS","Amazon","Tools & Home Improvement",57284,"Wire Strippers",31.95,9,320,9,10224,842,4.6,"Amazon",14,3112,"N/A","Large Standard-Size",3.5433070866142,11.692913385827,1.2204724409449,0.553455,"N/A","N/A","04/01/2023",93,7,5,0.38
"https://amazon.com/dp/B0088PCZ4I","B0088PCZ4I","Jonard Tools Ratcheting Wrench, Head Size 1/2 in. (ASW-R12)","JONARD TOOLS","Amazon","Tools & Home Improvement",27416,"Combination Wrenches",16.95,18,523,-1,9827.17,1905,4.8,"Amazon",15,"N/A","N/A","Small Standard-Size",2.2047244094488,10,0.39370078740157,0.2646,"N/A","N/A","03/01/2023",79,3,10,0.27
"https://amazon.com/dp/B00WJPRL7E","B00WJPRL7E","Jonard Tools ASWS-R716, Stubby Ratcheting Combination Speed Wrench, Angled Head, 7/16""","JONARD TOOLS","Amazon","Tools & Home Improvement",26344,"Combination Wrenches",18.74,15,523,-1,9801.02,1904,4.8,"Amazon",13,"N/A","N/A","Small Standard-Size",2.09,6.22,0.39,0.11025,"N/A","N/A","03/01/2023",95,6,10,0.27
"https://amazon.com/dp/B0069625GG","B0069625GG","Jonard Tools ASW-R716, Ratcheting Combination Speed Wrench, Angled Head, 7/16""","JONARD TOOLS","Amazon","Tools & Home Improvement",26344,"Combination Wrenches",18.21,11,523,-1,9523.83,1907,4.8,"Amazon",15,"N/A","N/A","Small Standard-Size",2.15,9.2,0.5,0.19503337929075,"N/A","N/A","03/01/2023",136,6,10,0.27
"https://amazon.com/dp/B08FMTNKX3","B08FMTNKX3","Jonard Tools AST-200 Cable Saber™ Armored Mid Span Cable Slit & Ring Tool (4 mm-28.6 mm)","JONARD TOOLS","Amazon","Tools & Home Improvement",117261,"Knives & Razor Blades",149.95,6,62,,9296.9,17,4.2,"Amazon",8,"N/A","N/A","Large Standard-Size",2.72,8.74,1.38,0.85995,"N/A","N/A","04/01/2023",33,6,4,3.88
"https://amazon.com/dp/B01646974I","B01646974I","Jonard Tools TK-120 Fiber Prep Kit","JONARD TOOLS","Amazon","Tools & Home Improvement",299136,"Wire Strippers",320.36,"N/A",28,14,8970.08,47,4.5,"Amazon",14,"N/A","N/A","Small Oversize",10.5,11.5,9.25,6.15195,"N/A","N/A","09/01/2022",77,6,10,0.6
"https://amazon.com/dp/B00IKDI66O","B00IKDI66O","Jonard Tools TK-17 Punchdown Tool Kit for 66/110 Blocks","JONARD TOOLS","Amazon","Tools & Home Improvement",176909,"Tool Sets",115.98,-13,74,10,8582.52,288,4.7,"Amazon",12,783,200,"Large Standard-Size",4.6062992125984,9.6850393700787,3.503937007874,2.39463,"N/A","N/A","03/01/2022",101,6,2,0.26
"https://amazon.com/dp/B006962KFW","B006962KFW","Jonard PT-300 Voltage Protected Coax Cable Wire Tracer Pocket Continuity Tester & Toner with Audible Beep and LED","JONARD TOOLS","Amazon","Tools & Home Improvement",32304,"Multi Testers",23.99,-2,349,-2,8372.51,1597,4.7,"Amazon",3,3482,"N/A","Large Standard-Size",2.91,8.35,0.83,0.26019,"N/A","N/A","03/01/2023",135,7,3,0.22
"https://amazon.com/dp/B07VVMTBKP","B07VVMTBKP","Jonard Tools TWAF-71630K, Pink Full Head Torque Wrench, 7/16"" Drive Size, 20 in-lb Torque, Breast Cancer Awareness","JONARD TOOLS","FBM","Tools & Home Improvement",148771,"Torque Wrenches",77.98,107,106,3,8265.88,476,4.7,"Data Alchemy",1,1003,-15,"Large Standard-Size",2.5,8,1,0.350595,"N/A","N/A","05/01/2021",45,4,11,0.22
"https://amazon.com/dp/B08F6PWSRL","B08F6PWSRL","Jonard Tools TK-121 Fiber Prep Kit+","JONARD TOOLS","Amazon","Tools & Home Improvement",291289,"Wire Strippers",292.21,3,28,14,8181.88,47,4.5,"Amazon",7,"N/A","N/A","Small Oversize",10.5,11.5,9,6.30189,"N/A","N/A","09/01/2022",33,6,10,0.6
"https://amazon.com/dp/B006C3Y8IY","B006C3Y8IY","Jonard Tools EX-2 DIP/IC Extraction Tool for Mircochips with 24-40 Pin","JONARD TOOLS","Amazon","Industrial & Scientific",20821,"Extraction Tools",26.95,20,300,-61,8085,948,4.5,"Amazon",15,8093,-22,"Large Standard-Size",3.6220472440945,8.3858267716535,1.0236220472441,0.14553,"N/A","N/A","03/01/2022",138,4,3,0.32
"https://amazon.com/dp/B0032QZMZ2","B0032QZMZ2","Jonard Tools ST-500ESD ESD-Safe Adjustable Precision Wire Stripper, 20-30 AWG","JONARD TOOLS","Amazon","Tools & Home Improvement",94278,"Wire Strippers",54.95,13,147,-23,8077.65,252,4.2,"Amazon",9,1716,10,"Small Standard-Size",2.7952755905512,7.8740157480315,0.74803149606299,0.0882,"N/A","N/A","03/01/2023",135,6,5,0.58
"https://amazon.com/dp/B006962JSK","B006962JSK","Jonard Tools ND-631 Nut Driver 7-Piece Set, Hex Nut Sizes 3/16"", 1/4"", 5/16"", 11/32"", 3/8"", 7/16"", 1/2"" with 3"" Hollow Shaft and Ergonomic Comfort Grip","JONARD TOOLS","Amazon","Tools & Home Improvement",109506,"Nut Drivers",51.65,12,156,114,8057.4,120,4.5,"Amazon",7,344,"N/A","Large Standard-Size",8.2,2,12.7,2.2,"N/A","N/A","04/01/2023",84,6,10,1.3
"https://amazon.com/dp/B006C3SFX8","B006C3SFX8","DblEnd SpWrnc,S-Shp,7-1/2"",Steel","JONARD TOOLS","Amazon","Tools & Home Improvement",26344,"Combination Wrenches",15.35,15,523,-1,8028.05,1907,4.8,"Amazon",14,"N/A","N/A","Small Standard-Size",2.13,9.96,0.35,0.26019,"N/A","N/A","03/01/2023",135,5,10,0.27
"https://amazon.com/dp/B09PPV94TJ","B09PPV94TJ","Jonard Tools ROD-3316 Coated Fiberglass Fish Tape Duct Rodder with Accessory Kit, 3/16"" x 300'","JONARD TOOLS","Amazon","Tools & Home Improvement",376831,"Fish Tape",399.95,-4,20,0,7999,13,4,"Amazon",2,"N/A","N/A","Small Oversize",19.75,24.25,18.5,16.402995,"N/A","N/A","05/01/2023",16,5,6,1.54
"https://amazon.com/dp/B09GSX7F5S","B09GSX7F5S","Jonard Tools TK-107 Advanced Fiber Optic Cable Access Kit with MS-336 and MS-526 Midspan Slitting and Ring Tools","JONARD TOOLS","Amazon","Tools & Home Improvement",500495,"Tool Sets",1130.76,2,7,-26,7915.32,18,4.6,"Amazon",6,"N/A","N/A","Small Oversize",10.5,11.5,9,7.35147,"N/A","N/A","09/01/2022",19,6,5,0.39
"https://amazon.com/dp/B0032QZMWA","B0032QZMWA","Jonard Tools ST-450 Adjustable Precision Wire Stripper, 26-36 AWG","JONARD TOOLS","Amazon","Tools & Home Improvement",78789,"Wire Strippers",51.9,"N/A",148,-20,7681.2,252,4.2,"Amazon",8,1725,11,"Small Standard-Size",2.755905511811,7.992125984252,0.62992125984252,0.0882,"N/A","N/A","03/01/2023",135,6,5,0.59
"https://amazon.com/dp/B006C4CYRK","B006C4CYRK","Jonard Tools WD-30-TRI Wire Dispenser with 50 ft Roll of 30 AWG Red, White, and Blue Insulated Kynar Wire","JONARD TOOLS","Amazon","Tools & Home Improvement",49897,"Electrical Wire",45.6,12,167,-8,7615.2,231,4.6,"Amazon",3,2020,"N/A","Large Standard-Size",4.7,1.2,4.4,0.2,"N/A","N/A","05/01/2022",33,6,10,0.72
"https://amazon.com/dp/B007TX8TU4","B007TX8TU4","Jonard Tools JIC-22035/10 Yellow Nylon Insulating Probe Pick Spudger with Insulated Wire Hook, 7"" Length (Pack of 10)","JONARD TOOLS","Amazon","Industrial & Scientific",30511,"Test Probes & Leads",25.3,16,299,0,7564.7,346,4.7,"Amazon",13,2312,25,"Small Standard-Size",3.0708661417323,6.6929133858268,0.39370078740157,0.138915,"N/A","N/A","03/01/2023",81,7,2,0.86
"https://amazon.com/dp/B006C4AIHI","B006C4AIHI","Jonard Tools R30BLK-1000 Black Insulated Kynar Copper Wire Roll, 30 AWG, 1000 ft Length","JONARD TOOLS","Amazon","Tools & Home Improvement",96376,"Electrical Wire",85.26,11,86,7,7332.36,127,4.6,"Amazon",12,1062,"N/A","Large Standard-Size",2.7992125984252,2.4,2.9,0.55,"N/A","N/A","09/01/2022",138,3,30,0.68
"https://amazon.com/dp/B00UR6TY0Y","B00UR6TY0Y","Jonard Tools EX-1/10 DIP/IC Extractor Tools (8-24 Pins), Pack of 10","JONARD TOOLS","Amazon","Industrial & Scientific",22492,"Extraction Tools",24.35,-11,299,-61,7280.65,948,4.5,"Amazon",6,6588,6,"Large Standard-Size",4.25,5.63,1.42,0.200655,"N/A","N/A","03/01/2022",68,1,3,0.32
"https://amazon.com/dp/B087S6QJT3","B087S6QJT3","Jonard Tools KN-100INS Insulated Cable Sheath Slitting Dismantling Knife","JONARD TOOLS","Amazon","Tools & Home Improvement",52267,"Utility Knives",31.95,10,226,19,7220.7,641,4.6,"Amazon",5,1958,1,"Small Standard-Size",2.8,10.9,0.7,0.249165,"N/A","N/A","04/01/2023",36,6,3,0.35
"https://amazon.com/dp/B006C3SA9M","B006C3SA9M","Jonard Tools ASW-916, Double Ended Speed Wrench, Angled Head, 9/16""","JONARD TOOLS","Amazon","Tools & Home Improvement",26344,"Combination Wrenches",13.72,19,523,-1,7175.56,1904,4.8,"Amazon",9,"N/A","N/A","Small Standard-Size",10,0.3,2.25,0.25,"N/A","N/A","03/01/2023",135,6,10,0.27
"https://amazon.com/dp/B007TX8VNO","B007TX8VNO","Jonard Tools JIC-22035NT/10 Yellow Nylon Probe Pick Spudger with L-Shaped Wire Hook, 7"" Length (Pack of 10)","JONARD TOOLS","Amazon","Industrial & Scientific",30511,"Test Probes & Leads",23.71,20,299,0,7089.29,346,4.7,"Amazon",11,2312,25,"Large Standard-Size",3.46,8.62,0.87,0.130095,"N/A","N/A","03/01/2023",81,5,2,0.86
"https://amazon.com/dp/B006C4AZKS","B006C4AZKS","Jonard Tools R30Y-1000 Yellow Insulated Kynar Copper Wire Roll, 30 AWG, 1000 ft Length","JONARD TOOLS","Amazon","Tools & Home Improvement",99281,"Electrical Wire",81.95,-6,86,7,7047.7,128,4.6,"Amazon",1,1062,"N/A","Large Standard-Size",2.7952755905512,5.1968503937008,2.6377952755906,0.54684,"N/A","N/A","09/01/2022",137,3,30,0.67
"https://amazon.com/dp/B07C82K4HD","B07C82K4HD","Jonard Tools JIC-625 Copper COAX & Network Cable Cutter, Up to 6 AWG Cable","JONARD TOOLS","FBM","Tools & Home Improvement",86042,"Wire Cutters",31.97,"N/A",220,14,7033.4,275,4.5,"DDA DISTRIBUTORS LLC",3,"N/A","N/A","Small Standard-Size",3.3,10.1,0.6,0.44982,"N/A","N/A","04/01/2023",59,7,4,0.8
"https://amazon.com/dp/B01EAGXF56","B01EAGXF56","Jonard Tools JIC-755 Hardline COAX & Fiber Cable Cutter, Up to 1"" Diameter, Yellow","JONARD TOOLS","Amazon","Tools & Home Improvement",86042,"Wire Cutters",31.95,9,220,14,7029,275,4.5,"Amazon",16,"N/A","N/A","Small Standard-Size",3.5,12.95,0.75,0.7497,"N/A","N/A","04/01/2023",67,6,4,0.8
"https://amazon.com/dp/B07GZ9TXC8","B07GZ9TXC8","SSK-90 Jonard Tools P- KEY insert for use with Can Wrenches","JONARD TOOLS","Amazon","Tools & Home Improvement",19815,"Wrenches",12.95,"N/A",539,32,6980.05,779,4.5,"Amazon",5,4704,43,"Small Standard-Size",2.244094488189,4.7244094488189,0.59055118110236,0.0441,"N/A","N/A","03/01/2023",49,6,17,0.69
"https://amazon.com/dp/B001ICLVN4","B001ICLVN4","Jonard Tools ST-500 Adjustable Precision Wire Stripper, 20-30 AWG","JONARD TOOLS","Amazon","Tools & Home Improvement",73533,"Wire Strippers",42.63,"N/A",160,4,6820.8,249,4.2,"Amazon",11,1600,36,"Large Standard-Size",2.7952755905512,7.9133858267717,0.82677165354331,0.0882,"N/A","N/A","03/01/2023",136,6,5,0.65
"https://amazon.com/dp/B06XDFVFZF","B06XDFVFZF","Jonard Tools TWAF-91640, Full Head Torque Wrench, 9/16"" Drive Size, 40 in-lb Torque","JONARD TOOLS","FBM","Tools & Home Improvement",148771,"Torque Wrenches",62.13,-52,106,3,6585.78,476,4.7,"SIM Supply, Inc.",9,1003,-15,"Large Standard-Size",2.5590551181102,10.196850393701,0.94488188976378,0.381465,"N/A","N/A","05/01/2021",71,6,11,0.22
"https://amazon.com/dp/B006C4C8G2","B006C4C8G2","Torque Wrench, Speed Head, 7/16, 20 in-lb","JONARD TOOLS","FBM","Tools & Home Improvement",121004,"Torque Wrenches",61.28,"N/A",106,3,6495.68,476,4.7,"Norex Supply - Save up to 70% on everything!",14,1003,-15,"Large Standard-Size",2.4,1,7.9,0.3,"N/A","N/A","05/01/2021",135,4,11,0.22
"https://amazon.com/dp/B07C81TSGG","B07C81TSGG","Cable Cutter,8"" L,Shear Cut Action","JONARD TOOLS","Amazon","Tools & Home Improvement",75486,"Wire Cutters",29.95,-13,216,-33,6469.2,404,4.6,"Amazon",9,"N/A","N/A","Large Standard-Size",3.740157480315,10.196850393701,1.0236220472441,0.703395,"N/A","N/A","08/01/2022",58,6,6,0.53
"https://amazon.com/dp/B006C4AEUE","B006C4AEUE","Jonard Tools R30B-1000 Blue Insulated Kynar Copper Wire Roll, 30 AWG, 1000 ft Length","JONARD TOOLS","Amazon","Tools & Home Improvement",96376,"Electrical Wire",74.31,-6,86,7,6390.66,128,4.6,"Amazon",3,1062,"N/A","Large Standard-Size",3,2.3,3,0.45,"N/A","N/A","09/01/2022",138,3,30,0.67
"https://amazon.com/dp/B006C3S470","B006C3S470","Jonard Tools ASW-12, Double Ended Speed Wrench, Angled Head, 1/2""","JONARD TOOLS","Amazon","Tools & Home Improvement",26344,"Combination Wrenches",12.04,-19,523,-1,6296.92,1905,4.8,"Amazon",10,"N/A","N/A","Small Standard-Size",2.2047244094488,9.2125984251969,0.62992125984252,0.3087,"N/A","N/A","03/01/2023",130,3,10,0.27
"https://amazon.com/dp/B09MGBN4LT","B09MGBN4LT","Jonard Tools PT-100 Coax Cable Wire Tracer Pocket Continuity Tester & Toner with Audible Beep and LED, Red","JONARD TOOLS","Amazon","Tools & Home Improvement",39971,"Multi Testers",17.95,"N/A",349,-2,6264.55,1597,4.7,"Amazon",3,3482,"N/A","Small Standard-Size",2.91,8.27,0.71,0.2205,"N/A","N/A","03/01/2023",17,6,3,0.22
"https://amazon.com/dp/B00E1Q4RBC","B00E1Q4RBC","Jonard Tools EPD-9KRONE, Manual Punchdown Tool with Steel Krone Scissor Style Blade for Punchdown Blocks","JONARD TOOLS","FBM","Tools & Home Improvement",143260,"Punchdown Tools",67.86,-2,94,11,6250.06,179,4.6,"SIM Supply, Inc.",9,988,-2,"Large Standard-Size",3,1.3,9.9,0.45,"N/A","N/A","03/01/2022",102,5,9,0.53
"https://amazon.com/dp/B006C4CZGK","B006C4CZGK","Jonard Tools WD-30-W Wire Dispenser with 50 ft Roll of 30 AWG White Insulated Kynar Wire","JONARD TOOLS","Amazon","Tools & Home Improvement",49897,"Electrical Wire",24.95,34,167,-8,6179,231,4.6,"Amazon",4,2020,"N/A","Large Standard-Size",4.4488188976378,5.5905511811024,1.2992125984252,0.15435,"N/A","N/A","05/01/2022",129,6,10,0.72
"https://amazon.com/dp/B077ZL58S1","B077ZL58S1","Jonard Tools JIC-63020 9"" Curved Jaw Cable Cutter","JONARD TOOLS","Amazon","Tools & Home Improvement",75486,"Wire Cutters",27.95,3,216,-33,6037.2,404,4.6,"Amazon",15,"N/A","N/A","Large Standard-Size",3.740157480315,13.622047244094,1.0236220472441,0.96579,"N/A","N/A","08/01/2022",62,6,6,0.53
"https://amazon.com/dp/B07PWNBXZS","B07PWNBXZS","Jonard Tools FP-600INS, Insulated Fuse Puller with Cushion Grip, 6 3/4"" Length","JONARD TOOLS","Amazon","Industrial & Scientific",19251,"Needle-Nose Pliers",42.73,-9,141,0,6024.93,489,4.7,"Amazon",4,1963,-37,"Large Standard-Size",3.6614173228346,9.2125984251969,1.2992125984252,0.465255,"N/A","N/A","10/01/2021",49,5,2,0.29
"https://amazon.com/dp/B09JB371PF","B09JB371PF","Jonard Tools R30-5100 Solid Kynar® Wire & Dispenser Box, 5 Color Set (500 ft)","JONARD TOOLS","Amazon","Tools & Home Improvement",96376,"Electrical Wire",69.95,13,86,7,6015.7,128,4.6,"Amazon",1,1062,"N/A","Large Standard-Size",3.503937007874,7.6771653543307,3.4251968503937,0.557865,"N/A","N/A","09/01/2022",19,6,30,0.68
"https://amazon.com/dp/B006C3YJ1U","B006C3YJ1U","Jonard Tools FOD-RB25 Replacement Blade for Fiber Optic Drop Cable Slitter (Pack of 25)","JONARD TOOLS","Amazon","Tools & Home Improvement",76309,"Wire Strippers",46.95,13,126,-35,5915.7,561,4.6,"Amazon",12,1277,37,"Small Standard-Size",0.67,2.76,0.59,0.019845,"N/A","N/A","03/01/2023",79,5,4,0.22
"https://amazon.com/dp/B01N6Z2COM","B01N6Z2COM","Jonard Tools ASWS-716, Stubby Double Ended Speed Wrench, Angled Head, 7/16""","JONARD TOOLS","Amazon","Tools & Home Improvement",26344,"Combination Wrenches",11.2,7,523,-1,5857.6,1904,4.8,"Amazon",9,"N/A","N/A","Small Standard-Size",2.0866141732283,6.6141732283465,0.51181102362205,0.12789,"N/A","N/A","03/01/2023",60,1,10,0.27
"https://amazon.com/dp/B00UKWNBWM","B00UKWNBWM","Jonard Tools H-25 Molded Tool Pouch for JIC-186 or JIC-195 Scissors","JONARD TOOLS","Amazon","Tools & Home Improvement",14027,"Scissors & Shears",5.92,30,977,6,5783.84,1840,4.8,"Amazon",3,8997,20,"Large Standard-Size",2.9527559055118,4.6062992125984,2.0472440944882,0.07938,"N/A","N/A","04/01/2023",97,5,6,0.53
"https://amazon.com/dp/B09CJF6B1X","B09CJF6B1X","Jonard Tools H-45 Leather 2 Pocket Tool Belt Pouch for Scissors, Pliers, Wire Strippers, and More","JONARD TOOLS","Amazon","Tools & Home Improvement",57284,"Wire Strippers",17.95,61,320,9,5744,842,4.6,"Amazon",5,3112,"N/A","Large Standard-Size",3.0708661417323,8.503937007874,2.3228346456693,0.25578,"N/A","N/A","04/01/2023",21,6,5,0.38
"https://amazon.com/dp/B006C3S71S","B006C3S71S","Jonard Tools ASW-716, Double Ended Speed Wrench, Angled Head, 7/16""","JONARD TOOLS","Amazon","Tools & Home Improvement",26344,"Combination Wrenches",10.95,13,523,-1,5726.85,1905,4.8,"Amazon",13,"N/A","N/A","Small Standard-Size",2.1653543307087,9.4488188976378,0.51181102362205,0.213885,"N/A","N/A","03/01/2023",99,6,10,0.27
"https://amazon.com/dp/B078WLMTG8","B078WLMTG8","Jonard Tools MDC-64 Large Fiber Duct Cutter for Ducts up to 64 mm (2.52"") in Diameter","JONARD TOOLS","Amazon","Tools & Home Improvement",83807,"Tube Cutters",61.95,16,91,14,5637.45,48,4.5,"Amazon",6,"N/A","N/A","Large Standard-Size",5.8661417322835,14.133858267717,1.5748031496063,1.373715,"N/A","N/A","04/01/2023",62,6,3,1.9
"https://amazon.com/dp/B006C4EZ68","B006C4EZ68","Jonard Tools JIC-750 Hardline COAX & Fiber Cable Cutter, Up to 3/4"" Diameter","JONARD TOOLS","Amazon","Tools & Home Improvement",86042,"Wire Cutters",24.95,"N/A",220,14,5489,275,4.5,"Amazon",13,"N/A","N/A","Small Standard-Size",3.43,12.99,0.75,0.82026,"N/A","N/A","04/01/2023",131,7,4,0.8
"https://amazon.com/dp/B006C42CWW","B006C42CWW","Jonard Tools JIC-650, Lineman's B Type Double Ended Wrench, 13"" Length","JONARD TOOLS","Amazon","Tools & Home Improvement",48459,"Open-End Wrenches",33.73,7,157,-9,5295.61,345,4.8,"Amazon",20,1565,23,"Large Standard-Size",3.07,13.07,1.34,1.83015,"N/A","N/A","03/01/2023",133,6,0,0.46
"https://amazon.com/dp/B08SPFX13W","B08SPFX13W","Jonard Tools AHC-10RB Replacement Blade Set for AHC-10 Adjustable Hole Cutter (Pack of 2), Black","JONARD TOOLS","Amazon","Tools & Home Improvement",206251,"Combo Kits",34.95,23,148,-5,5172.6,159,4.6,"Amazon",2,1293,"N/A","Large Standard-Size",2.0866141732283,3.7795275590551,1.1811023622047,0.03087,"N/A","N/A","02/01/2022",27,1,3,0.93
"https://amazon.com/dp/B00IKDI394","B00IKDI394","Jonard Tools R30G-1000 Green Insulated Kynar Copper Wire Roll, 30 AWG, 1000 ft Length","JONARD TOOLS","Amazon","Tools & Home Improvement",110180,"Electrical Wire",59.82,9,86,7,5144.52,128,4.6,"Amazon",5,1062,"N/A","Large Standard-Size",2.2,2.3,2.4,0.55,"N/A","N/A","09/01/2022",109,3,30,0.67
"https://amazon.com/dp/B006C4AV5W","B006C4AV5W","Jonard Tools R30W-1000 White Insulated Kynar Copper Wire Roll, 30 AWG, 1000 ft Length","JONARD TOOLS","Amazon","Tools & Home Improvement",96376,"Electrical Wire",53.77,9,86,7,5137.64,128,4.6,"Amazon",7,1062,"N/A","Large Standard-Size",8.4645669291339,11.181102362205,2.5984251968504,0.59535,"N/A","N/A","09/01/2022",137,3,30,0.67
"https://amazon.com/dp/B006962O4E","B006962O4E","Jonard Tools TK-50 Communications Tool Kit, No. of Pcs. 5","JONARD TOOLS","Amazon","Tools & Home Improvement",188613,"Tool Sets",65.94,23,74,10,4879.56,288,4.7,"Amazon",13,783,200,"Large Standard-Size",2.9527559055118,8.9763779527559,2.1259842519685,1.03635,"N/A","N/A","03/01/2022",99,6,2,0.26
"https://amazon.com/dp/B006C42KBA","B006C42KBA","Jonard JIC-950C Quick Clip Insertion Tool","JONARD TOOLS","Amazon","Tools & Home Improvement",266148,"Punchdown Tools",186.9,4,26,114,4859.4,115,4.1,"Amazon",7,"N/A","N/A","Small Standard-Size",10.7,0.1,3.3,0.4,"N/A","N/A","04/01/2023",138,7,6,0.23
"https://amazon.com/dp/B002QMQK8G","B002QMQK8G","Connector Insertion Tool Kit, 3 Pc","JONARD TOOLS","Amazon","Industrial & Scientific",112477,"Tool Sets",174.95,54,27,-9,4723.65,47,4.7,"Amazon",10,279,171,"Large Standard-Size",3.7,1.2,9,0.5,"N/A","N/A","04/01/2022",142,6,2,0.57
"https://amazon.com/dp/B00OXRODR2","B00OXRODR2","Jonard Tools TWAF-91630, Full Head Torque Wrench, 9/16"" Drive Size, 30 in-lb Torque","JONARD TOOLS","FBM","Tools & Home Improvement",148771,"Torque Wrenches",44.04,22,106,3,4668.24,474,4.7,"SIM Supply, Inc.",14,1003,-15,"Large Standard-Size",2.5590551181102,10.11811023622,0.98425196850394,0.37926,"N/A","N/A","05/01/2021",102,2,11,0.22
"https://amazon.com/dp/B006C4AO7M","B006C4AO7M","Jonard Tools R30R-1000 Red Insulated Kynar Copper Wire Roll, 30 AWG, 1000 ft Length","JONARD TOOLS","Amazon","Tools & Home Improvement",96376,"Electrical Wire",53.77,-7,86,7,4624.22,127,4.6,"Amazon",3,1062,"N/A","Large Standard-Size",2.7992125984252,2.4,2.7992125984252,0.4,"N/A","N/A","09/01/2022",138,3,30,0.68
"https://amazon.com/dp/B00OXRODRW","B00OXRODRW","Jonard Tools TWAF-1220, Full Head Torque Wrench, 1/2"" Drive Size, 20 in-lb Torque","JONARD TOOLS","Amazon","Tools & Home Improvement",148771,"Torque Wrenches",42.95,-9,106,3,4552.7,476,4.7,"Amazon",4,1003,-15,"Large Standard-Size",2.13,0.8,9,0.300051352755,"N/A","N/A","05/01/2021",102,1,11,0.22
"https://amazon.com/dp/B00E1Q4DUM","B00E1Q4DUM","Jonard Tools EPD-914630, Manual Punchdown Tool with Steel 630 Blade for Wall Jack Modules","JONARD TOOLS","Amazon","Tools & Home Improvement",143260,"Punchdown Tools",47.1,17,94,11,4427.4,179,4.6,"Amazon",4,988,-2,"Large Standard-Size",3,1.2,9.8,0.4,"N/A","N/A","03/01/2022",75,6,9,0.53
"https://amazon.com/dp/B006962GM4","B006962GM4","Jonard JIC-63050 High Leverage Cable Cutter with Red Handle, 9-1/4"" Length","JONARD TOOLS","Amazon","Tools & Home Improvement",75486,"Wire Cutters",20.95,3,211,-33,4420.45,404,4.6,"Amazon",10,"N/A","N/A","Large Standard-Size",3.503937007874,13.661417322835,0.90551181102362,1.0584,"N/A","N/A","08/01/2022",129,4,6,0.52
"https://amazon.com/dp/B00E1Q4GLI","B00E1Q4GLI","Jonard Tools EPD-91461, Manual Punchdown Tool with 2 Steel Blades 66 and 110 for Punchdown Blocks","JONARD TOOLS","Amazon","Tools & Home Improvement",128506,"Punchdown Tools",46.91,"N/A",94,11,4409.54,179,4.6,"Amazon",16,988,-2,"Large Standard-Size",3.5,10.16,1.3,0.421155,"N/A","N/A","03/01/2022",114,6,9,0.53
"https://amazon.com/dp/B00IKDI7Y0","B00IKDI7Y0","Jonard Tools, TTK-225, P Key, for Self Lock Pedestal Lock, Brass, Gold","JONARD TOOLS","Amazon","Tools & Home Improvement",20660,"Multitools",10,41,440,10,4400,624,4.7,"Amazon",10,4025,21,"Small Standard-Size",1.3385826771654,3.3858267716535,0.51181102362205,0.063945,"N/A","N/A","03/01/2023",109,4,0,0.71
"https://amazon.com/dp/B006962H46","B006962H46","Connector Removal Tool Kit, 3 Pc","JONARD TOOLS","Amazon","Industrial & Scientific",110104,"Tool Sets",157.3,"N/A",27,-9,4247.1,47,4.7,"Amazon",17,279,171,"Large Standard-Size",3.7,1.3,9,0.55,"N/A","N/A","04/01/2022",130,6,2,0.57
"https://amazon.com/dp/B006C4D0CI","B006C4D0CI","Jonard Tools WD-30-Y Wire Dispenser with 50 ft Roll of 30 AWG Yellow Insulated Kynar Wire","JONARD TOOLS","Amazon","Tools & Home Improvement",49897,"Electrical Wire",25.23,31,167,-8,4213.41,231,4.6,"Amazon",3,2020,"N/A","Large Standard-Size",4.5275590551181,6.0236220472441,1.4173228346457,0.15435,"N/A","N/A","05/01/2022",84,6,10,0.72
"https://amazon.com/dp/B006C4CWPE","B006C4CWPE","Jonard Tools WD-30-B Wire Dispenser with 50 ft Roll of 30 AWG Blue Insulated Kynar Wire","JONARD TOOLS","Amazon","Tools & Home Improvement",49897,"Electrical Wire",24.95,2,167,-8,4166.65,231,4.6,"Amazon",3,2020,"N/A","Large Standard-Size",4.5275590551181,5.1181102362205,1.1417322834646,0.165375,"N/A","N/A","05/01/2022",78,6,10,0.72
"https://amazon.com/dp/B006C40LFM","B006C40LFM","Jonard Tools H-40 Compact Leather Two Pocket Tool Pouch, Beige","JONARD TOOLS","Amazon","Tools & Home Improvement",57284,"Wire Strippers",13.01,43,320,9,4163.2,842,4.6,"Amazon",1,3112,"N/A","Large Standard-Size",2,1,8.2,0.1,"N/A","N/A","04/01/2023",134,1,5,0.38
"https://amazon.com/dp/B006C4APVM","B006C4APVM","Jonard Tools R-30-TRI Red, White, Blue Insulated Kynar Copper Wire Roll, 30 AWG, 50 ft Length","JONARD TOOLS","Amazon","Tools & Home Improvement",49897,"Electrical Wire",24.57,"N/A",167,-8,4103.19,231,4.6,"Amazon",7,2020,"N/A","Large Standard-Size",3.9,0.8,5.1,0.1,"N/A","N/A","05/01/2022",137,1,10,0.72
"https://amazon.com/dp/B081V16CFT","B081V16CFT","Jonard Tools MDC-28 Pipe and Tube Cutter for Plastic Tubes and Fiber Ducts, Up to 1.1"" (28 mm)","JONARD TOOLS","Amazon","Tools & Home Improvement",79903,"Tube Cutters",44.95,"N/A",91,14,4090.45,48,4.5,"Amazon",1,"N/A","N/A","Large Standard-Size",3.7795275590551,12.007874015748,1.3385826771654,0.588735,"N/A","N/A","04/01/2023",41,7,3,1.9
"https://amazon.com/dp/B00E1Q3WHW","B00E1Q3WHW","Jonard Tools TWAF-71640, Full Head Torque Wrench, 7/16"" Drive Size, 40 in-lb Torque","JONARD TOOLS","Amazon","Tools & Home Improvement",148771,"Torque Wrenches",37.27,17,106,3,3950.62,476,4.7,"Amazon",7,1003,-15,"Large Standard-Size",2,0.8,9.5,0.35,"N/A","N/A","05/01/2021",107,6,11,0.22
"https://amazon.com/dp/B079H1G2RG","B079H1G2RG","Jonard Tools TWAF-71625, Full Head Torque Wrench, 7/16"" Drive Size, 25 in-lb Torque","JONARD TOOLS","Amazon","Tools & Home Improvement",148771,"Torque Wrenches",35.76,23,106,3,3948.5,476,4.7,"Amazon",11,1003,-15,"Large Standard-Size",2.5590551181102,10.157480314961,0.94488188976378,0.39249,"N/A","N/A","05/01/2021",62,5,11,0.22
"https://amazon.com/dp/B09SNT1P3Y","B09SNT1P3Y","Jonard Tools CC-5442 Double Decker High Durability Steel Cable Caddy, Holds Up to Two 12"" Diameter Cable Reels and 100 lb Capacity","JONARD TOOLS","Amazon","Tools & Home Improvement",296257,"Electrical",77.84,"N/A",49,42,3814.16,573,4.8,"Amazon",4,363,"N/A","Small Oversize",25,30.5,5,12.901455,"N/A","N/A","04/01/2023",14,6,3,0.09
"https://amazon.com/dp/B00E1Q4A8M","B00E1Q4A8M","Jonard Tools EPD-914KR, Manual Punchdown Tool with Steel Krone Blade for Punchdown Blocks","JONARD TOOLS","Amazon","Tools & Home Improvement",143260,"Punchdown Tools",40.33,4,94,11,3791.02,179,4.6,"Amazon",13,988,-2,"Large Standard-Size",3.503937007874,10.03937007874,1.259842519685,0.399105,"N/A","N/A","03/01/2022",115,6,9,0.53
"https://amazon.com/dp/B006C48TYC","B006C48TYC","Jonard PT-350 Replacement Speaker for PT-300 Pocket Continuity Tester and Toner","JONARD TOOLS","Amazon","Tools & Home Improvement",35702,"Multi Testers",10.76,12,349,-2,3755.24,1599,4.7,"Amazon",5,3482,"N/A","Small Standard-Size",2.24,4.33,0.63,0.07056,"N/A","N/A","03/01/2023",101,1,3,0.22
"https://amazon.com/dp/B006C4C7U4","B006C4C7U4","Jonard Tools TWAF-71620, Full Head Torque Wrench, 7/16"" Drive Size, 20 in-lb Torque","JONARD TOOLS","Amazon","Tools & Home Improvement",121004,"Torque Wrenches",35.23,6,106,3,3734.38,476,4.7,"Amazon",13,1003,-15,"Large Standard-Size",2.52,10.24,1.06,0.37044,"N/A","N/A","05/01/2021",99,6,11,0.22
"https://amazon.com/dp/B0164696US","B0164696US","Jonard Tools CTF-230, Dual Compression Tool for Coaxial Cable Short and Long F Connector","JONARD TOOLS","Amazon","Tools & Home Improvement",113047,"Crimpers",61.82,-7,60,-34,3709.2,274,4.7,"Amazon",18,821,-8,"Large Standard-Size",2.8,1.1,7.2,0.900154058265,"N/A","N/A","03/01/2022",72,7,8,0.22
"https://amazon.com/dp/B00DDKNLI2","B00DDKNLI2","Jonard Tools EPD-914110, Manual Punchdown Tool with Steel 110 Blade for Punchdown Blocks","JONARD TOOLS","Amazon","Tools & Home Improvement",143260,"Punchdown Tools",39.36,4,94,11,3699.84,179,4.6,"Amazon",15,988,-2,"Large Standard-Size",3,1.2,9.9,0.45,"N/A","N/A","03/01/2022",79,6,9,0.53
"https://amazon.com/dp/B00E1Q47BM","B00E1Q47BM","Jonard Tools EPD-91466, Manual Punchdown Tool with Steel 66 Blade for Punchdown Blocks","JONARD TOOLS","Amazon","Tools & Home Improvement",143260,"Punchdown Tools",39.09,7,94,11,3674.46,179,4.6,"Amazon",12,988,-2,"Large Standard-Size",3.503937007874,10.11811023622,1.2204724409449,0.394695,"N/A","N/A","03/01/2022",74,8,9,0.53
"https://amazon.com/dp/B085YT87YD","B085YT87YD","Jonard Tools CC-2721WS High Durability Steel Cable Caddy with Wheels and Pull Strap, Holds Cable Reels Up to 20” Diameter and 100 lbs Capacity,Black","JONARD TOOLS","Amazon","Tools & Home Improvement",179962,"Wire Strippers",71.6,-3,51,11,3651.6,573,4.8,"Amazon",5,572,-2,"Small Oversize",21.5,27.5,2.5,10.502415,"N/A","N/A","09/01/2022",38,6,3,0.09
"https://amazon.com/dp/B006962OUI","B006962OUI","Jonard Tools TWAF-71630, Full Head Torque Wrench, 7/16"" Drive Size, 30 inch-lb Torque","JONARD TOOLS","Amazon","Tools & Home Improvement",121004,"Torque Wrenches",34.47,7,106,3,3650.64,476,4.7,"Amazon",12,1003,-15,"Large Standard-Size",2,1,9.8,0.4,"N/A","N/A","05/01/2021",137,6,11,0.22
"https://amazon.com/dp/B006C4C8YO","B006C4C8YO","Jonard Tools TWAS-71630, Speed Head Torque Wrench, 7/16"" Drive Size, 30 in-lb Torque","JONARD TOOLS","Amazon","Tools & Home Improvement",148771,"Torque Wrenches",34.47,3,106,3,3650.64,476,4.7,"Amazon",8,1003,-15,"Large Standard-Size",2.4,1,10.5,0.35,"N/A","N/A","05/01/2021",137,6,11,0.22
"https://amazon.com/dp/B00OJWHDTG","B00OJWHDTG","Jonard Tools CSR-1575 Cable Slit and Ring Tool","JONARD TOOLS","Amazon","Tools & Home Improvement",114950,"Wire Strippers",31.57,2,115,77,3630.55,102,4.7,"Amazon",16,274,"N/A","Small Standard-Size",4.6,0.7,8.3,0.05,"N/A","N/A","04/01/2023",68,6,7,1.13
"https://amazon.com/dp/B00IKDI62S","B00IKDI62S","Jonard Tools SST-916 9/16"" Security Shield Tool","JONARD TOOLS","FBA","Tools & Home Improvement",140972,"Keyed Padlocks",29.99,56,121,2,3628.79,833,4.7,"a1-Components",5,1214,-22,"Large Standard-Size",2.8,0.9,6.4,0.1,6.4399999999999995,22.400000000000002,"08/01/2021",108,3,3,0.15
"https://amazon.com/dp/B0B6D7KPLR","B0B6D7KPLR","Jonard Tools CTF-360XL 360° Compression Tool for Long RG6, & RG11 Style F Connectors","JONARD TOOLS","Amazon","Tools & Home Improvement",60933,"Crimpers",59.95,"N/A",60,-34,3597,274,4.7,"Amazon",2,821,-8,"Large Standard-Size",4.3700787401575,9.5275590551181,1.5354330708661,1.034145,"N/A","N/A","03/01/2022",9,7,8,0.22
"https://amazon.com/dp/B071VYC9KF","B071VYC9KF","Jonard Tools CTF-200CG, Compression Tool for Coaxial Cable Long F Connector (Corning Gilbert)","JONARD TOOLS","Amazon","Tools & Home Improvement",113047,"Crimpers",59.6,"N/A",60,-34,3576,274,4.7,"Amazon",2,821,-8,"Large Standard-Size",4.0944881889764,10.275590551181,1.1023622047244,0.937125,"N/A","N/A","03/01/2022",67,3,8,0.22
"https://amazon.com/dp/B00OXRODRM","B00OXRODRM","Mcrmtr TRQ Wrnch,20 ""-lb,9/16""","JONARD TOOLS","Amazon","Tools & Home Improvement",148771,"Torque Wrenches",31.2,6,106,3,3556.3,476,4.7,"Amazon",9,1003,-15,"Large Standard-Size",2.2,0.9,7.1,0.022049774929067,"N/A","N/A","05/01/2021",102,6,11,0.22
"https://amazon.com/dp/B00JHKFWG6","B00JHKFWG6","Jonard Tools UST-525 Universal Cable Stripping Tool with Cable Stop for Coax, Network, and Telephone Cables","JONARD TOOLS","Amazon","Tools & Home Improvement",76307,"Wire Strippers",19.09,27,182,-15,3474.38,738,4.6,"Amazon",8,2178,5,"Large Standard-Size",4.6850393700787,8.4645669291339,1.0236220472441,0.2205,"N/A","N/A","02/01/2022",97,7,3,0.25
"https://amazon.com/dp/B00DWI8D0G","B00DWI8D0G","Jonard Tools EPD-914116, Manual Punchdown Tool with Steel 66 & 110 Combined Blade for Punchdown Blocks","JONARD TOOLS","Amazon","Tools & Home Improvement",143260,"Punchdown Tools",36.65,"N/A",94,11,3445.1,179,4.6,"Amazon",8,988,-2,"Large Standard-Size",3.503937007874,10.196850393701,1.3779527559055,0.403515,"N/A","N/A","03/01/2022",116,6,9,0.53
"https://amazon.com/dp/B0BVSX5FDC","B0BVSX5FDC","Jonard Tools CSR-250 Compact Cable Slit & Ring Tool, (0.125"" - 0.250"")","JONARD TOOLS","Amazon","Tools & Home Improvement",125579,"Wire Strippers",29.95,-4,115,77,3444.25,102,4.7,"Amazon",7,274,"N/A","Small Standard-Size",2.5590551181102,6.259842519685,0.66929133858268,0.077175,"N/A","N/A","04/01/2023",640,6,7,1.13
"https://amazon.com/dp/B0B7TZ9B5G","B0B7TZ9B5G","Jonard Tools TM-25 Mammoth™ Insta-Lock™ Tape Measure, 25'","JONARD TOOLS","Amazon","Tools & Home Improvement",517089,"Tape Measures",22.95,-16,148,-5,3396.6,160,4.6,"Amazon",2,1293,"N/A","Large Standard-Size",4.4094488188976,6.496062992126,1.9685039370079,0.937125,"N/A","N/A","02/01/2022",7,6,0,0.93
"https://amazon.com/dp/B006C4CY3O","B006C4CY3O","Jonard Tools WD-30-R Wire Dispenser with 50 ft Roll of 30 AWG Red Insulated Kynar Wire","JONARD TOOLS","Amazon","Tools & Home Improvement",49897,"Electrical Wire",20.18,43,167,-8,3370.06,231,4.6,"Amazon",2,2020,"N/A","Large Standard-Size",4.7244094488189,6.7322834645669,2.0472440944882,0.16758,"N/A","N/A","05/01/2022",132,6,10,0.72
"https://amazon.com/dp/B08KKM6SG7","B08KKM6SG7","Jonard Tools TBS-100 Analog Telephone Line Tester Butt Set with ABN Clips, Black","JONARD TOOLS","Amazon","Tools & Home Improvement",164979,"Circuit Testers",104.95,6,32,-48,3358.4,10,3.7,"Amazon",8,326,539,"Large Standard-Size",5.67,12.95,3.19,1.23039,"N/A","N/A","02/01/2023",29,6,0,3.2
"https://amazon.com/dp/B00WJPRJTO","B00WJPRJTO","Jonard Tools CWRR-716 Combo Ratcheting Wrench, Reversible, 7/16""","JONARD TOOLS","Amazon","Tools & Home Improvement",78467,"Combination Wrenches",13.19,9,252,1,3323.88,217,4.8,"Amazon",11,2500,"N/A","Large Standard-Size",2.1653543307087,9.3700787401575,0.78740157480315,0.187425,"N/A","N/A","04/01/2023",76,6,3,1.16
"https://amazon.com/dp/B006C3YM9E","B006C3YM9E","Jonard Tools FP-600, Fuse Puller with Cushion Grip, 5"" Length","JONARD TOOLS","Amazon","Industrial & Scientific",19251,"Needle-Nose Pliers",23.44,4,141,0,3305.04,489,4.7,"Amazon",8,1963,-37,"Small Standard-Size",3.740157480315,8.4251968503937,0.66929133858268,0.19845,"N/A","N/A","10/01/2021",134,5,2,0.29
"https://amazon.com/dp/B006C3Y12M","B006C3Y12M","Jonard Tools ES-1964ERG Stainless Steel Electrician Scissors, For Heavy Duty Use With Ergonomic Handle","JONARD TOOLS","Amazon","Tools & Home Improvement",40574,"Scissors & Shears",15.79,8,209,19,3300.11,766,4.4,"Amazon",14,4594,-36,"Small Standard-Size",3.56,10.28,0.6,0.350595,"N/A","N/A","08/01/2021",129,7,0,0.27
"https://amazon.com/dp/B006C49Q6W","B006C49Q6W","Jonard Tools R24Y-0100 Yellow Insulated Kynar Copper Wire Roll, 24 AWG, 100 ft Length","JONARD TOOLS","FBM","Tools & Home Improvement",96376,"Electrical Wire",38.31,53,86,7,3294.66,127,4.6,"PJS Superstore",5,1062,"N/A","Large Standard-Size",2.7,1.2,2.7,0.2,"N/A","N/A","09/01/2022",138,1,30,0.68
"https://amazon.com/dp/B0069627ZU","B0069627ZU","Jonard Tools CT-200, Universal Compression Tool with Dual Head for Coaxial Cable F Connector","JONARD TOOLS","Amazon","Tools & Home Improvement",113047,"Crimpers",54.15,6,60,-34,3249,274,4.7,"Amazon",16,821,-8,"Large Standard-Size",4.0551181102362,10.314960629921,1.0629921259843,0.98784,"N/A","N/A","03/01/2022",122,6,8,0.22
"https://amazon.com/dp/B0B8F728TQ","B0B8F728TQ","Jonard Tools JIC-500 Compact Cable Cutter for Twisted Pair Network Cables, CAT5, CAT5e, CAT6, CAT6A","JONARD TOOLS","Amazon","Tools & Home Improvement",86042,"Wire Cutters",14.95,-2,216,7,3229.2,275,4.5,"Amazon",2,"N/A","N/A","Large Standard-Size",5,9.2125984251969,4.8031496062992,2.105775,"N/A","N/A","04/01/2023",9,6,4,0.79
"https://amazon.com/dp/B00AIBH0KO","B00AIBH0KO","Jonard Tools TTCG-6270-9, Cam Style Locking Terminator Tool for Corning Gilbert Style Terminators, 9"" Length","JONARD TOOLS","Amazon","Industrial & Scientific",43005,"Adjustable Wrenches",43.39,8,74,23,3210.86,193,4.2,"Amazon",8,592,"N/A","Large Standard-Size",3.31,12.52,1.26,0.441,"N/A","N/A","02/01/2023",78,4,3,0.38
"https://amazon.com/dp/B0BVSRSHJS","B0BVSRSHJS","Jonard Tools CSR-125 Compact Cable Slit & Ring Tool, (0-0.125"")","JONARD TOOLS","FBM","Tools & Home Improvement",133280,"Wire Strippers",27.59,84,115,77,3172.85,102,4.7,"DataAlchemy",4,274,"N/A","Small Standard-Size",3.2,0.63,6.9,0.08,"N/A","N/A","04/01/2023",640,6,7,1.13
"https://amazon.com/dp/B006C4C74K","B006C4C74K","Jonard TT-7V Pronged Terminator Tool with 4"" Shaft, 8"" Length","JONARD TOOLS","Amazon","Industrial & Scientific",36506,"Inserters & Extractors",23.09,2,132,-32,3047.88,514,4.6,"Amazon",10,1321,-3,"Large Standard-Size",3.2677165354331,12.59842519685,1.2992125984252,0.1764,"N/A","N/A","03/01/2023",130,6,4,0.26
"https://amazon.com/dp/B072P5WF37","B072P5WF37","Jonard Tools TT-7PT Terminator Tool with PPC 502, T&B CLF and TRL Terminator Tool in Handle","JONARD TOOLS","Amazon","Industrial & Scientific",31643,"Inserters & Extractors",22.95,"N/A",132,-32,3029.4,514,4.6,"Amazon",2,1321,-3,"Large Standard-Size",3.3464566929134,12.48031496063,1.2992125984252,0.341775,"N/A","N/A","03/01/2023",67,3,4,0.26
"https://amazon.com/dp/B0BGMMCGTK","B0BGMMCGTK","Jonard Tools FTF-1125 Fiberglass Fish Tape Rodder, 100 ft for Pushing and Pulling Fiber Optic and Electrical Cable","JONARD TOOLS","Amazon","Tools & Home Improvement",391883,"Fish Tape",149.95,"N/A",20,0,2999,13,4,"Amazon",5,"N/A","N/A","Large Standard-Size",11.692913385827,13.503937007874,3.1496062992126,2.99439,"N/A","N/A","05/01/2023",7,6,6,1.54
"https://amazon.com/dp/B09VMV27XR","B09VMV27XR","Jonard Tools MS-446RB Replacement Blade Set for MS-446","JONARD TOOLS","Amazon","Tools & Home Improvement",198156,"Knives & Razor Blades",104.95,47,28,-49,2938.6,26,4.6,"Amazon",4,289,85,"Large Standard-Size",4.6850393700787,8.503937007874,1.6141732283465,0.2646,"N/A","N/A","03/01/2023",14,6,7,1.08
"https://amazon.com/dp/B0088PD20E","B0088PD20E","Jonard Tools CTF-300, Compression Tool for Coaxial Cable Short F Connector","JONARD TOOLS","Amazon","Tools & Home Improvement",113047,"Crimpers",48.75,12,60,-34,2925,274,4.7,"Amazon",9,821,-8,"Large Standard-Size",4.25,1.15,10.5,1,"N/A","N/A","03/01/2022",76,5,8,0.22
"https://amazon.com/dp/B006C3U20C","B006C3U20C","Jonard Tools CTF-200, Compression Tool for Coaxial Cable Long F Connector","JONARD TOOLS","Amazon","Tools & Home Improvement",113047,"Crimpers",48.75,5,60,-34,2925,274,4.7,"Amazon",16,821,-8,"Large Standard-Size",4.06,10.28,1.02,1.00989,"N/A","N/A","03/01/2022",121,6,8,0.22
"https://amazon.com/dp/B0069629IK","B0069629IK","Jonard Tools ES-1964 Stainless Steel Electrician Scissors, for Heavy Duty Use","JONARD TOOLS","Amazon","Tools & Home Improvement",85737,"Scissors & Shears",13.95,11,209,4,2915.55,1024,4.6,"Amazon",15,4879,-37,"Small Standard-Size",3.2,8.2,0.6,0.249165,"N/A","N/A","08/01/2021",99,7,0,0.2